Disease,Symptoms,symptoms_list,symptoms_text,symptom_count,is_augmented,is_partial,partial_factor,original_index
Common Cold,mild headache; mild cough; fatigue; low grade fever,"['mild headache', 'mild cough', 'fatigue', 'low grade fever']",mild headache mild cough fatigue low grade fever,4,True,True,0.6,0
Common Cold,fatigue; throat pain; sneezing; low grade fever,"['fatigue', 'throat pain', 'sneezing', 'low grade fever']",fatigue throat pain sneezing low grade fever,4,True,True,0.7,0
Common Cold,mild cough; runny or nasal congestion; sneezing; mild headache; throat pain,"['mild cough', 'runny or nasal congestion', 'sneezing', 'mild headache', 'throat pain']",mild cough runny or nasal congestion sneezing mild headache throat pain,5,True,True,0.8,0
Influenza (Flu),sometimes vomiting diarrhea  more in children; high fever; dry cough; profound fatigue,"['sometimes vomiting diarrhea  more in children', 'high fever', 'dry cough', 'profound fatigue']",sometimes vomiting diarrhea  more in children high fever dry cough profound fatigue,4,True,True,0.6,1
Influenza (Flu),sometimes vomiting diarrhea  more in children; severe body aches; dry cough; profound fatigue; chills,"['sometimes vomiting diarrhea  more in children', 'severe body aches', 'dry cough', 'profound fatigue', 'chills']",sometimes vomiting diarrhea  more in children severe body aches dry cough profound fatigue chills,5,True,True,0.7,1
Influenza (Flu),chills; headache; sometimes vomiting diarrhea  more in children; dry cough; high fever; throat pain,"['chills', 'headache', 'sometimes vomiting diarrhea  more in children', 'dry cough', 'high fever', 'throat pain']",chills headache sometimes vomiting diarrhea  more in children dry cough high fever throat pain,6,True,True,0.8,1
Pneumonia,shortness of breath; high fever; productive cough with phlegm; sweating,"['shortness of breath', 'high fever', 'productive cough with phlegm', 'sweating']",shortness of breath high fever productive cough with phlegm sweating,4,True,True,0.6,2
Pneumonia,high fever; shortness of breath; chest pain when breathing or coughing; productive cough with phlegm,"['high fever', 'shortness of breath', 'chest pain when breathing or coughing', 'productive cough with phlegm']",high fever shortness of breath chest pain when breathing or coughing productive cough with phlegm,4,True,True,0.7,2
Pneumonia,chest pain when breathing or coughing; productive cough with phlegm; shortness of breath; sweating; fatigue,"['chest pain when breathing or coughing', 'productive cough with phlegm', 'shortness of breath', 'sweating', 'fatigue']",chest pain when breathing or coughing productive cough with phlegm shortness of breath sweating fatigue,5,True,True,0.8,2
Bronchitis,shortness of breath; persistent cough  may produce mucus; wheezing,"['shortness of breath', 'persistent cough  may produce mucus', 'wheezing']",shortness of breath persistent cough  may produce mucus wheezing,3,True,True,0.6,3
Bronchitis,shortness of breath; fatigue; persistent cough  may produce mucus; chest discomfort,"['shortness of breath', 'fatigue', 'persistent cough  may produce mucus', 'chest discomfort']",shortness of breath fatigue persistent cough  may produce mucus chest discomfort,4,True,True,0.7,3
Bronchitis,chest discomfort; wheezing; shortness of breath; persistent cough  may produce mucus,"['chest discomfort', 'wheezing', 'shortness of breath', 'persistent cough  may produce mucus']",chest discomfort wheezing shortness of breath persistent cough  may produce mucus,4,True,True,0.8,3
Asthma,shortness of breath; triggers  allergens  exercise; chest tightness,"['shortness of breath', 'triggers  allergens  exercise', 'chest tightness']",shortness of breath triggers  allergens  exercise chest tightness,3,True,True,0.6,4
Asthma,triggers  allergens  exercise; shortness of breath; recurrent wheeze,"['triggers  allergens  exercise', 'shortness of breath', 'recurrent wheeze']",triggers  allergens  exercise shortness of breath recurrent wheeze,3,True,True,0.7,4
Asthma,recurrent wheeze; shortness of breath; triggers  allergens  exercise; coughing  worse at night early morning,"['recurrent wheeze', 'shortness of breath', 'triggers  allergens  exercise', 'coughing  worse at night early morning']",recurrent wheeze shortness of breath triggers  allergens  exercise coughing  worse at night early morning,4,True,True,0.8,4
Allergic Rhinitis (Hay Fever),itchy  watery eyes; post nasal drip; itchy throat,"['itchy  watery eyes', 'post nasal drip', 'itchy throat']",itchy  watery eyes post nasal drip itchy throat,3,True,True,0.6,5
Allergic Rhinitis (Hay Fever),post nasal drip; seasonal or perennial pattern; itchy throat; sneezing,"['post nasal drip', 'seasonal or perennial pattern', 'itchy throat', 'sneezing']",post nasal drip seasonal or perennial pattern itchy throat sneezing,4,True,True,0.7,5
Allergic Rhinitis (Hay Fever),seasonal or perennial pattern; itchy throat; sneezing; runny or congested nose,"['seasonal or perennial pattern', 'itchy throat', 'sneezing', 'runny or congested nose']",seasonal or perennial pattern itchy throat sneezing runny or congested nose,4,True,True,0.8,5
Sinusitis,cough; dental pain; headache; reduced sense of smell,"['cough', 'dental pain', 'headache', 'reduced sense of smell']",cough dental pain headache reduced sense of smell,4,True,True,0.6,6
Sinusitis,reduced sense of smell; nasal congestion; dental pain; facial pain pressure,"['reduced sense of smell', 'nasal congestion', 'dental pain', 'facial pain pressure']",reduced sense of smell nasal congestion dental pain facial pain pressure,4,True,True,0.7,6
Sinusitis,reduced sense of smell; headache; facial pain pressure; cough; nasal congestion,"['reduced sense of smell', 'headache', 'facial pain pressure', 'cough', 'nasal congestion']",reduced sense of smell headache facial pain pressure cough nasal congestion,5,True,True,0.8,6
Strep Throat,white patches on tonsils; fever; sudden severe throat pain,"['white patches on tonsils', 'fever', 'sudden severe throat pain']",white patches on tonsils fever sudden severe throat pain,3,True,True,0.6,7
Strep Throat,pain on swallowing; swollen tender lymph nodes in neck; fever; absent cough,"['pain on swallowing', 'swollen tender lymph nodes in neck', 'fever', 'absent cough']",pain on swallowing swollen tender lymph nodes in neck fever absent cough,4,True,True,0.7,7
Strep Throat,white patches on tonsils; swollen tender lymph nodes in neck; absent cough; sudden severe throat pain,"['white patches on tonsils', 'swollen tender lymph nodes in neck', 'absent cough', 'sudden severe throat pain']",white patches on tonsils swollen tender lymph nodes in neck absent cough sudden severe throat pain,4,True,True,0.8,7
Tonsillitis,swollen enlarged tonsils often with white or yellow patches; fever; bad breath,"['swollen enlarged tonsils often with white or yellow patches', 'fever', 'bad breath']",swollen enlarged tonsils often with white or yellow patches fever bad breath,3,True,True,0.6,8
Tonsillitis,throat pain; painful swallowing; fever; swollen enlarged tonsils often with white or yellow patches,"['throat pain', 'painful swallowing', 'fever', 'swollen enlarged tonsils often with white or yellow patches']",throat pain painful swallowing fever swollen enlarged tonsils often with white or yellow patches,4,True,True,0.7,8
Tonsillitis,fever; swollen enlarged tonsils often with white or yellow patches; painful swallowing; throat pain,"['fever', 'swollen enlarged tonsils often with white or yellow patches', 'painful swallowing', 'throat pain']",fever swollen enlarged tonsils often with white or yellow patches painful swallowing throat pain,4,True,True,0.8,8
Gastroenteritis (Stomach Flu),watery diarrhea; dehydration risk; vomiting; low grade fever,"['watery diarrhea', 'dehydration risk', 'vomiting', 'low grade fever']",watery diarrhea dehydration risk vomiting low grade fever,4,True,True,0.6,9
Gastroenteritis (Stomach Flu),muscle aches; dehydration risk; watery diarrhea; abdominal cramps,"['muscle aches', 'dehydration risk', 'watery diarrhea', 'abdominal cramps']",muscle aches dehydration risk watery diarrhea abdominal cramps,4,True,True,0.7,9
Gastroenteritis (Stomach Flu),nausea; abdominal cramps; muscle aches; low grade fever; watery diarrhea,"['nausea', 'abdominal cramps', 'muscle aches', 'low grade fever', 'watery diarrhea']",nausea abdominal cramps muscle aches low grade fever watery diarrhea,5,True,True,0.8,9
Food Poisoning,fever; severe abdominal cramps; diarrhea  may be bloody depending on cause; vomiting,"['fever', 'severe abdominal cramps', 'diarrhea  may be bloody depending on cause', 'vomiting']",fever severe abdominal cramps diarrhea  may be bloody depending on cause vomiting,4,True,True,0.6,10
Food Poisoning,diarrhea  may be bloody depending on cause; dehydration; sudden nausea; fever,"['diarrhea  may be bloody depending on cause', 'dehydration', 'sudden nausea', 'fever']",diarrhea  may be bloody depending on cause dehydration sudden nausea fever,4,True,True,0.7,10
Food Poisoning,severe abdominal cramps; fever; diarrhea  may be bloody depending on cause; sudden nausea; vomiting,"['severe abdominal cramps', 'fever', 'diarrhea  may be bloody depending on cause', 'sudden nausea', 'vomiting']",severe abdominal cramps fever diarrhea  may be bloody depending on cause sudden nausea vomiting,5,True,True,0.8,10
Gastritis,belching; vomiting; loss of appetite; sometimes dark tarry stools if bleeding,"['belching', 'vomiting', 'loss of appetite', 'sometimes dark tarry stools if bleeding']",belching vomiting loss of appetite sometimes dark tarry stools if bleeding,4,True,True,0.6,11
Gastritis,sometimes dark tarry stools if bleeding; nausea; loss of appetite; upper abdominal pain or burning,"['sometimes dark tarry stools if bleeding', 'nausea', 'loss of appetite', 'upper abdominal pain or burning']",sometimes dark tarry stools if bleeding nausea loss of appetite upper abdominal pain or burning,4,True,True,0.7,11
Gastritis,belching; vomiting; sometimes dark tarry stools if bleeding; bloating; loss of appetite,"['belching', 'vomiting', 'sometimes dark tarry stools if bleeding', 'bloating', 'loss of appetite']",belching vomiting sometimes dark tarry stools if bleeding bloating loss of appetite,5,True,True,0.8,11
Peptic Ulcer Disease,bloating; possible vomiting or gi bleeding; nausea,"['bloating', 'possible vomiting or gi bleeding', 'nausea']",bloating possible vomiting or gi bleeding nausea,3,True,True,0.6,12
Peptic Ulcer Disease,possible vomiting or gi bleeding; nausea; bloating,"['possible vomiting or gi bleeding', 'nausea', 'bloating']",possible vomiting or gi bleeding nausea bloating,3,True,True,0.7,12
Peptic Ulcer Disease,burning or gnawing epigastric pain  better worse with meals depending on type; bloating; heartburn; nausea,"['burning or gnawing epigastric pain  better worse with meals depending on type', 'bloating', 'heartburn', 'nausea']",burning or gnawing epigastric pain  better worse with meals depending on type bloating heartburn nausea,4,True,True,0.8,12
GERD (Acid Reflux),heartburn; acid regurgitation; sour taste; worse when lying down or after meals,"['heartburn', 'acid regurgitation', 'sour taste', 'worse when lying down or after meals']",heartburn acid regurgitation sour taste worse when lying down or after meals,4,True,True,0.6,13
GERD (Acid Reflux),chest discomfort; acid regurgitation; worse when lying down or after meals; hoarseness,"['chest discomfort', 'acid regurgitation', 'worse when lying down or after meals', 'hoarseness']",chest discomfort acid regurgitation worse when lying down or after meals hoarseness,4,True,True,0.7,13
GERD (Acid Reflux),hoarseness; sour taste; acid regurgitation; worse when lying down or after meals; chronic cough,"['hoarseness', 'sour taste', 'acid regurgitation', 'worse when lying down or after meals', 'chronic cough']",hoarseness sour taste acid regurgitation worse when lying down or after meals chronic cough,5,True,True,0.8,13
Appendicitis,loss of appetite; nausea; worsening abdominal pain; fever,"['loss of appetite', 'nausea', 'worsening abdominal pain', 'fever']",loss of appetite nausea worsening abdominal pain fever,4,True,True,0.6,14
Appendicitis,loss of appetite; periumbilical pain that migrates to right lower abdomen; nausea; worsening abdominal pain,"['loss of appetite', 'periumbilical pain that migrates to right lower abdomen', 'nausea', 'worsening abdominal pain']",loss of appetite periumbilical pain that migrates to right lower abdomen nausea worsening abdominal pain,4,True,True,0.7,14
Appendicitis,nausea; fever; worsening abdominal pain; vomiting; periumbilical pain that migrates to right lower abdomen,"['nausea', 'fever', 'worsening abdominal pain', 'vomiting', 'periumbilical pain that migrates to right lower abdomen']",nausea fever worsening abdominal pain vomiting periumbilical pain that migrates to right lower abdomen,5,True,True,0.8,14
Cholecystitis / Gallstones,sudden severe pain in right upper abdomen or right shoulder; tenderness over gallbladder; vomiting,"['sudden severe pain in right upper abdomen or right shoulder', 'tenderness over gallbladder', 'vomiting']",sudden severe pain in right upper abdomen or right shoulder tenderness over gallbladder vomiting,3,True,True,0.6,15
Cholecystitis / Gallstones,tenderness over gallbladder; vomiting; fever; pain after fatty meals,"['tenderness over gallbladder', 'vomiting', 'fever', 'pain after fatty meals']",tenderness over gallbladder vomiting fever pain after fatty meals,4,True,True,0.7,15
Cholecystitis / Gallstones,pain after fatty meals; vomiting; tenderness over gallbladder; nausea,"['pain after fatty meals', 'vomiting', 'tenderness over gallbladder', 'nausea']",pain after fatty meals vomiting tenderness over gallbladder nausea,4,True,True,0.8,15
Hepatitis (viral),jaundice  yellowing of skin eyes; abdominal discomfort  right upper quadrant; dark urine; pale stools,"['jaundice  yellowing of skin eyes', 'abdominal discomfort  right upper quadrant', 'dark urine', 'pale stools']",jaundice  yellowing of skin eyes abdominal discomfort  right upper quadrant dark urine pale stools,4,True,True,0.6,16
Hepatitis (viral),dark urine; loss of appetite; fatigue; pale stools,"['dark urine', 'loss of appetite', 'fatigue', 'pale stools']",dark urine loss of appetite fatigue pale stools,4,True,True,0.7,16
Hepatitis (viral),jaundice  yellowing of skin eyes; fatigue; abdominal discomfort  right upper quadrant; loss of appetite; dark urine,"['jaundice  yellowing of skin eyes', 'fatigue', 'abdominal discomfort  right upper quadrant', 'loss of appetite', 'dark urine']",jaundice  yellowing of skin eyes fatigue abdominal discomfort  right upper quadrant loss of appetite dark urine,5,True,True,0.8,16
Pancreatitis,nausea; severe constant upper abdominal pain radiating to the back; rapid pulse,"['nausea', 'severe constant upper abdominal pain radiating to the back', 'rapid pulse']",nausea severe constant upper abdominal pain radiating to the back rapid pulse,3,True,True,0.6,17
Pancreatitis,vomiting; nausea; severe constant upper abdominal pain radiating to the back; fever,"['vomiting', 'nausea', 'severe constant upper abdominal pain radiating to the back', 'fever']",vomiting nausea severe constant upper abdominal pain radiating to the back fever,4,True,True,0.7,17
Pancreatitis,fever; severe constant upper abdominal pain radiating to the back; rapid pulse; abdominal tenderness,"['fever', 'severe constant upper abdominal pain radiating to the back', 'rapid pulse', 'abdominal tenderness']",fever severe constant upper abdominal pain radiating to the back rapid pulse abdominal tenderness,4,True,True,0.8,17
Urinary Tract Infection (UTI),small amounts of urine; lower abdominal pelvic pain; burning or dysuria,"['small amounts of urine', 'lower abdominal pelvic pain', 'burning or dysuria']",small amounts of urine lower abdominal pelvic pain burning or dysuria,3,True,True,0.6,18
Urinary Tract Infection (UTI),small amounts of urine; burning or dysuria; lower abdominal pelvic pain; cloudy or strong smelling urine,"['small amounts of urine', 'burning or dysuria', 'lower abdominal pelvic pain', 'cloudy or strong smelling urine']",small amounts of urine burning or dysuria lower abdominal pelvic pain cloudy or strong smelling urine,4,True,True,0.7,18
Urinary Tract Infection (UTI),frequent urge to urinate; burning or dysuria; sometimes hematuria; lower abdominal pelvic pain,"['frequent urge to urinate', 'burning or dysuria', 'sometimes hematuria', 'lower abdominal pelvic pain']",frequent urge to urinate burning or dysuria sometimes hematuria lower abdominal pelvic pain,4,True,True,0.8,18
Pyelonephritis (Kidney Infection),flank  side  or back pain; high fever; chills; cloudy or bloody urine,"['flank  side  or back pain', 'high fever', 'chills', 'cloudy or bloody urine']",flank  side  or back pain high fever chills cloudy or bloody urine,4,True,True,0.6,19
Pyelonephritis (Kidney Infection),flank  side  or back pain; cloudy or bloody urine; painful frequent urination; nausea vomiting,"['flank  side  or back pain', 'cloudy or bloody urine', 'painful frequent urination', 'nausea vomiting']",flank  side  or back pain cloudy or bloody urine painful frequent urination nausea vomiting,4,True,True,0.7,19
Pyelonephritis (Kidney Infection),painful frequent urination; malaise; chills; nausea vomiting; cloudy or bloody urine,"['painful frequent urination', 'malaise', 'chills', 'nausea vomiting', 'cloudy or bloody urine']",painful frequent urination malaise chills nausea vomiting cloudy or bloody urine,5,True,True,0.8,19
Kidney Stones,hematuria; nausea; pain comes in waves,"['hematuria', 'nausea', 'pain comes in waves']",hematuria nausea pain comes in waves,3,True,True,0.6,20
Kidney Stones,sudden severe flank or abdominal pain that may radiate to groin; hematuria; vomiting; nausea,"['sudden severe flank or abdominal pain that may radiate to groin', 'hematuria', 'vomiting', 'nausea']",sudden severe flank or abdominal pain that may radiate to groin hematuria vomiting nausea,4,True,True,0.7,20
Kidney Stones,vomiting; pain comes in waves; hematuria; sudden severe flank or abdominal pain that may radiate to groin,"['vomiting', 'pain comes in waves', 'hematuria', 'sudden severe flank or abdominal pain that may radiate to groin']",vomiting pain comes in waves hematuria sudden severe flank or abdominal pain that may radiate to groin,4,True,True,0.8,20
Chlamydia Infection,abnormal genital discharge; in women can cause bleeding between periods; often asymptomatic,"['abnormal genital discharge', 'in women can cause bleeding between periods', 'often asymptomatic']",abnormal genital discharge in women can cause bleeding between periods often asymptomatic,3,True,True,0.6,21
Chlamydia Infection,often asymptomatic; pain during intercourse; burning during urination; in women can cause bleeding between periods,"['often asymptomatic', 'pain during intercourse', 'burning during urination', 'in women can cause bleeding between periods']",often asymptomatic pain during intercourse burning during urination in women can cause bleeding between periods,4,True,True,0.7,21
Chlamydia Infection,pelvic pain; often asymptomatic; pain during intercourse; burning during urination,"['pelvic pain', 'often asymptomatic', 'pain during intercourse', 'burning during urination']",pelvic pain often asymptomatic pain during intercourse burning during urination,4,True,True,0.8,21
Gonorrhea,increased vaginal bleeding; dysuria; sometimes throat pain if oral exposure,"['increased vaginal bleeding', 'dysuria', 'sometimes throat pain if oral exposure']",increased vaginal bleeding dysuria sometimes throat pain if oral exposure,3,True,True,0.6,22
Gonorrhea,genital discharge  purulent; pelvic pain; dysuria; sometimes throat pain if oral exposure,"['genital discharge  purulent', 'pelvic pain', 'dysuria', 'sometimes throat pain if oral exposure']",genital discharge  purulent pelvic pain dysuria sometimes throat pain if oral exposure,4,True,True,0.7,22
Gonorrhea,pelvic pain; dysuria; genital discharge  purulent; sometimes throat pain if oral exposure,"['pelvic pain', 'dysuria', 'genital discharge  purulent', 'sometimes throat pain if oral exposure']",pelvic pain dysuria genital discharge  purulent sometimes throat pain if oral exposure,4,True,True,0.8,22
Syphilis,secondary  rash  including palms soles   mucous lesions  fever  lymphadenopathy; latent tertiary  organ damage if untreated,"['secondary  rash  including palms soles   mucous lesions  fever  lymphadenopathy', 'latent tertiary  organ damage if untreated']",secondary  rash  including palms soles   mucous lesions  fever  lymphadenopathy latent tertiary  organ damage if untreated,2,True,True,0.6,23
Syphilis,latent tertiary  organ damage if untreated; secondary  rash  including palms soles   mucous lesions  fever  lymphadenopathy,"['latent tertiary  organ damage if untreated', 'secondary  rash  including palms soles   mucous lesions  fever  lymphadenopathy']",latent tertiary  organ damage if untreated secondary  rash  including palms soles   mucous lesions  fever  lymphadenopathy,2,True,True,0.7,23
Syphilis,secondary  rash  including palms soles   mucous lesions  fever  lymphadenopathy; latent tertiary  organ damage if untreated,"['secondary  rash  including palms soles   mucous lesions  fever  lymphadenopathy', 'latent tertiary  organ damage if untreated']",secondary  rash  including palms soles   mucous lesions  fever  lymphadenopathy latent tertiary  organ damage if untreated,2,True,True,0.8,23
Pelvic Inflammatory Disease (PID),lower abdominal pelvic pain; painful intercourse; irregular menstrual bleeding; fever,"['lower abdominal pelvic pain', 'painful intercourse', 'irregular menstrual bleeding', 'fever']",lower abdominal pelvic pain painful intercourse irregular menstrual bleeding fever,4,True,True,0.6,24
Pelvic Inflammatory Disease (PID),fever; abnormal vaginal discharge; infertility risk if untreated; dysuria,"['fever', 'abnormal vaginal discharge', 'infertility risk if untreated', 'dysuria']",fever abnormal vaginal discharge infertility risk if untreated dysuria,4,True,True,0.7,24
Pelvic Inflammatory Disease (PID),dysuria; lower abdominal pelvic pain; painful intercourse; abnormal vaginal discharge; fever,"['dysuria', 'lower abdominal pelvic pain', 'painful intercourse', 'abnormal vaginal discharge', 'fever']",dysuria lower abdominal pelvic pain painful intercourse abnormal vaginal discharge fever,5,True,True,0.8,24
Vaginal Yeast Infection (Candidiasis),burning with urination; redness swelling of vulva,"['burning with urination', 'redness swelling of vulva']",burning with urination redness swelling of vulva,2,True,True,0.6,25
Vaginal Yeast Infection (Candidiasis),thick white  cottage cheese  discharge; burning with urination,"['thick white  cottage cheese  discharge', 'burning with urination']",thick white  cottage cheese  discharge burning with urination,2,True,True,0.7,25
Vaginal Yeast Infection (Candidiasis),redness swelling of vulva; intense vaginal itching and irritation; burning with urination,"['redness swelling of vulva', 'intense vaginal itching and irritation', 'burning with urination']",redness swelling of vulva intense vaginal itching and irritation burning with urination,3,True,True,0.8,25
Bacterial Vaginosis,vaginal itching or irritation  may be mild or absent; fishy odor  especially after intercourse,"['vaginal itching or irritation  may be mild or absent', 'fishy odor  especially after intercourse']",vaginal itching or irritation  may be mild or absent fishy odor  especially after intercourse,2,True,True,0.6,26
Bacterial Vaginosis,thin gray or white vaginal discharge; fishy odor  especially after intercourse,"['thin gray or white vaginal discharge', 'fishy odor  especially after intercourse']",thin gray or white vaginal discharge fishy odor  especially after intercourse,2,True,True,0.7,26
Bacterial Vaginosis,vaginal itching or irritation  may be mild or absent; thin gray or white vaginal discharge,"['vaginal itching or irritation  may be mild or absent', 'thin gray or white vaginal discharge']",vaginal itching or irritation  may be mild or absent thin gray or white vaginal discharge,2,True,True,0.8,26
Ectopic Pregnancy,vaginal bleeding or spotting; shoulder pain  if internal bleeding; abdominal or pelvic pain  often one sided,"['vaginal bleeding or spotting', 'shoulder pain  if internal bleeding', 'abdominal or pelvic pain  often one sided']",vaginal bleeding or spotting shoulder pain  if internal bleeding abdominal or pelvic pain  often one sided,3,True,True,0.6,27
Ectopic Pregnancy,vaginal bleeding or spotting; dizziness or fainting; shoulder pain  if internal bleeding,"['vaginal bleeding or spotting', 'dizziness or fainting', 'shoulder pain  if internal bleeding']",vaginal bleeding or spotting dizziness or fainting shoulder pain  if internal bleeding,3,True,True,0.7,27
Ectopic Pregnancy,missed period; dizziness or fainting; shoulder pain  if internal bleeding; vaginal bleeding or spotting,"['missed period', 'dizziness or fainting', 'shoulder pain  if internal bleeding', 'vaginal bleeding or spotting']",missed period dizziness or fainting shoulder pain  if internal bleeding vaginal bleeding or spotting,4,True,True,0.8,27
Miscarriage (Spontaneous Abortion),decreased pregnancy symptoms; vaginal bleeding or spotting; backache,"['decreased pregnancy symptoms', 'vaginal bleeding or spotting', 'backache']",decreased pregnancy symptoms vaginal bleeding or spotting backache,3,True,True,0.6,28
Miscarriage (Spontaneous Abortion),cramping abdominal pain; passage of tissue or fluid; backache,"['cramping abdominal pain', 'passage of tissue or fluid', 'backache']",cramping abdominal pain passage of tissue or fluid backache,3,True,True,0.7,28
Miscarriage (Spontaneous Abortion),vaginal bleeding or spotting; cramping abdominal pain; backache; decreased pregnancy symptoms,"['vaginal bleeding or spotting', 'cramping abdominal pain', 'backache', 'decreased pregnancy symptoms']",vaginal bleeding or spotting cramping abdominal pain backache decreased pregnancy symptoms,4,True,True,0.8,28
Endometriosis,painful intercourse; chronic pelvic pain  often worse with menstruation; painful bowel or urination during periods,"['painful intercourse', 'chronic pelvic pain  often worse with menstruation', 'painful bowel or urination during periods']",painful intercourse chronic pelvic pain  often worse with menstruation painful bowel or urination during periods,3,True,True,0.6,29
Endometriosis,painful bowel or urination during periods; infertility; chronic pelvic pain  often worse with menstruation,"['painful bowel or urination during periods', 'infertility', 'chronic pelvic pain  often worse with menstruation']",painful bowel or urination during periods infertility chronic pelvic pain  often worse with menstruation,3,True,True,0.7,29
Endometriosis,infertility; painful intercourse; chronic pelvic pain  often worse with menstruation; painful bowel or urination during periods,"['infertility', 'painful intercourse', 'chronic pelvic pain  often worse with menstruation', 'painful bowel or urination during periods']",infertility painful intercourse chronic pelvic pain  often worse with menstruation painful bowel or urination during periods,4,True,True,0.8,29
Uterine Fibroids,lower back pain; frequent urination; constipation,"['lower back pain', 'frequent urination', 'constipation']",lower back pain frequent urination constipation,3,True,True,0.6,30
Uterine Fibroids,frequent urination; enlargement of abdomen in large fibroids; heavy or prolonged menstrual bleeding; constipation,"['frequent urination', 'enlargement of abdomen in large fibroids', 'heavy or prolonged menstrual bleeding', 'constipation']",frequent urination enlargement of abdomen in large fibroids heavy or prolonged menstrual bleeding constipation,4,True,True,0.7,30
Uterine Fibroids,frequent urination; enlargement of abdomen in large fibroids; lower back pain; heavy or prolonged menstrual bleeding,"['frequent urination', 'enlargement of abdomen in large fibroids', 'lower back pain', 'heavy or prolonged menstrual bleeding']",frequent urination enlargement of abdomen in large fibroids lower back pain heavy or prolonged menstrual bleeding,4,True,True,0.8,30
Endometritis,fever; pelvic pain; abnormal vaginal discharge,"['fever', 'pelvic pain', 'abnormal vaginal discharge']",fever pelvic pain abnormal vaginal discharge,3,True,True,0.6,31
Endometritis,abnormal uterine bleeding; abnormal vaginal discharge; painful intercourse; pelvic pain,"['abnormal uterine bleeding', 'abnormal vaginal discharge', 'painful intercourse', 'pelvic pain']",abnormal uterine bleeding abnormal vaginal discharge painful intercourse pelvic pain,4,True,True,0.7,31
Endometritis,bleeding after intercourse; painful intercourse; fever; abnormal uterine bleeding,"['bleeding after intercourse', 'painful intercourse', 'fever', 'abnormal uterine bleeding']",bleeding after intercourse painful intercourse fever abnormal uterine bleeding,4,True,True,0.8,31
Iron Deficiency Anemia,dizziness; pale skin; fatigue; shortness of breath on exertion,"['dizziness', 'pale skin', 'fatigue', 'shortness of breath on exertion']",dizziness pale skin fatigue shortness of breath on exertion,4,True,True,0.6,32
Iron Deficiency Anemia,fatigue; dizziness; pica  craving non food items; weakness; cold hands feet,"['fatigue', 'dizziness', 'pica  craving non food items', 'weakness', 'cold hands feet']",fatigue dizziness pica  craving non food items weakness cold hands feet,5,True,True,0.7,32
Iron Deficiency Anemia,pica  craving non food items; weakness; brittle nails; dizziness; cold hands feet; fatigue,"['pica  craving non food items', 'weakness', 'brittle nails', 'dizziness', 'cold hands feet', 'fatigue']",pica  craving non food items weakness brittle nails dizziness cold hands feet fatigue,6,True,True,0.8,32
Type 2 Diabetes Mellitus,frequent urination; blurred vision; slow wound healing; fatigue,"['frequent urination', 'blurred vision', 'slow wound healing', 'fatigue']",frequent urination blurred vision slow wound healing fatigue,4,True,True,0.6,33
Type 2 Diabetes Mellitus,increased thirst; blurred vision; unexplained weight loss or gain; recurrent infections,"['increased thirst', 'blurred vision', 'unexplained weight loss or gain', 'recurrent infections']",increased thirst blurred vision unexplained weight loss or gain recurrent infections,4,True,True,0.7,33
Type 2 Diabetes Mellitus,blurred vision; slow wound healing; frequent urination; increased thirst; unexplained weight loss or gain,"['blurred vision', 'slow wound healing', 'frequent urination', 'increased thirst', 'unexplained weight loss or gain']",blurred vision slow wound healing frequent urination increased thirst unexplained weight loss or gain,5,True,True,0.8,33
Hypothyroidism,cold intolerance; slowed heart rate; menstrual irregularities; constipation,"['cold intolerance', 'slowed heart rate', 'menstrual irregularities', 'constipation']",cold intolerance slowed heart rate menstrual irregularities constipation,4,True,True,0.6,34
Hypothyroidism,constipation; weight gain; menstrual irregularities; dry skin; fatigue,"['constipation', 'weight gain', 'menstrual irregularities', 'dry skin', 'fatigue']",constipation weight gain menstrual irregularities dry skin fatigue,5,True,True,0.7,34
Hypothyroidism,hair loss; cold intolerance; fatigue; slowed heart rate; constipation; menstrual irregularities,"['hair loss', 'cold intolerance', 'fatigue', 'slowed heart rate', 'constipation', 'menstrual irregularities']",hair loss cold intolerance fatigue slowed heart rate constipation menstrual irregularities,6,True,True,0.8,34
Hyperthyroidism,tremor; unintended weight loss; anxiety; frequent bowel movements,"['tremor', 'unintended weight loss', 'anxiety', 'frequent bowel movements']",tremor unintended weight loss anxiety frequent bowel movements,4,True,True,0.6,35
Hyperthyroidism,anxiety; palpitations; unintended weight loss; tremor; heat intolerance,"['anxiety', 'palpitations', 'unintended weight loss', 'tremor', 'heat intolerance']",anxiety palpitations unintended weight loss tremor heat intolerance,5,True,True,0.7,35
Hyperthyroidism,frequent bowel movements; heat intolerance; irritability; palpitations; tremor; increased sweating,"['frequent bowel movements', 'heat intolerance', 'irritability', 'palpitations', 'tremor', 'increased sweating']",frequent bowel movements heat intolerance irritability palpitations tremor increased sweating,6,True,True,0.8,35
Hypertension (High Blood Pressure),headaches  esp  with severe hypertension; dizziness; often asymptomatic,"['headaches  esp  with severe hypertension', 'dizziness', 'often asymptomatic']",headaches  esp  with severe hypertension dizziness often asymptomatic,3,True,True,0.6,36
Hypertension (High Blood Pressure),headaches  esp  with severe hypertension; shortness of breath if advanced; often asymptomatic,"['headaches  esp  with severe hypertension', 'shortness of breath if advanced', 'often asymptomatic']",headaches  esp  with severe hypertension shortness of breath if advanced often asymptomatic,3,True,True,0.7,36
Hypertension (High Blood Pressure),dizziness; headaches  esp  with severe hypertension; often asymptomatic; nosebleeds  rare,"['dizziness', 'headaches  esp  with severe hypertension', 'often asymptomatic', 'nosebleeds  rare']",dizziness headaches  esp  with severe hypertension often asymptomatic nosebleeds  rare,4,True,True,0.8,36
Coronary Artery Disease (Angina),pain may radiate to jaw arm back; relieved by rest or nitroglycerin; shortness of breath,"['pain may radiate to jaw arm back', 'relieved by rest or nitroglycerin', 'shortness of breath']",pain may radiate to jaw arm back relieved by rest or nitroglycerin shortness of breath,3,True,True,0.6,37
Coronary Artery Disease (Angina),fatigue; chest pain pressure or discomfort with exertion; shortness of breath,"['fatigue', 'chest pain pressure or discomfort with exertion', 'shortness of breath']",fatigue chest pain pressure or discomfort with exertion shortness of breath,3,True,True,0.7,37
Coronary Artery Disease (Angina),chest pain pressure or discomfort with exertion; pain may radiate to jaw arm back; shortness of breath; fatigue,"['chest pain pressure or discomfort with exertion', 'pain may radiate to jaw arm back', 'shortness of breath', 'fatigue']",chest pain pressure or discomfort with exertion pain may radiate to jaw arm back shortness of breath fatigue,4,True,True,0.8,37
Myocardial Infarction (Heart Attack),severe chest pain pressure; nausea; pain radiating to jaw neck left arm; shortness of breath,"['severe chest pain pressure', 'nausea', 'pain radiating to jaw neck left arm', 'shortness of breath']",severe chest pain pressure nausea pain radiating to jaw neck left arm shortness of breath,4,True,True,0.6,38
Myocardial Infarction (Heart Attack),shortness of breath; lightheadedness; pain radiating to jaw neck left arm; sudden weakness,"['shortness of breath', 'lightheadedness', 'pain radiating to jaw neck left arm', 'sudden weakness']",shortness of breath lightheadedness pain radiating to jaw neck left arm sudden weakness,4,True,True,0.7,38
Myocardial Infarction (Heart Attack),lightheadedness; nausea; sweating; pain radiating to jaw neck left arm; shortness of breath,"['lightheadedness', 'nausea', 'sweating', 'pain radiating to jaw neck left arm', 'shortness of breath']",lightheadedness nausea sweating pain radiating to jaw neck left arm shortness of breath,5,True,True,0.8,38
Stroke (Ischemic or Hemorrhagic),severe headache  esp  hemorrhagic; imbalance; confusion,"['severe headache  esp  hemorrhagic', 'imbalance', 'confusion']",severe headache  esp  hemorrhagic imbalance confusion,3,True,True,0.6,39
Stroke (Ischemic or Hemorrhagic),sudden weakness or numbness  face arm leg  usually one side; slurred speech; imbalance; severe headache  esp  hemorrhagic,"['sudden weakness or numbness  face arm leg  usually one side', 'slurred speech', 'imbalance', 'severe headache  esp  hemorrhagic']",sudden weakness or numbness  face arm leg  usually one side slurred speech imbalance severe headache  esp  hemorrhagic,4,True,True,0.7,39
Stroke (Ischemic or Hemorrhagic),imbalance; sudden vision trouble; slurred speech; sudden weakness or numbness  face arm leg  usually one side,"['imbalance', 'sudden vision trouble', 'slurred speech', 'sudden weakness or numbness  face arm leg  usually one side']",imbalance sudden vision trouble slurred speech sudden weakness or numbness  face arm leg  usually one side,4,True,True,0.8,39
Migraine,nausea vomiting; moderate to severe pulsating headache often on one side; visual aura in some patients,"['nausea vomiting', 'moderate to severe pulsating headache often on one side', 'visual aura in some patients']",nausea vomiting moderate to severe pulsating headache often on one side visual aura in some patients,3,True,True,0.6,40
Migraine,worsened by activity; visual aura in some patients; moderate to severe pulsating headache often on one side,"['worsened by activity', 'visual aura in some patients', 'moderate to severe pulsating headache often on one side']",worsened by activity visual aura in some patients moderate to severe pulsating headache often on one side,3,True,True,0.7,40
Migraine,visual aura in some patients; moderate to severe pulsating headache often on one side; sensitivity to light and sound; nausea vomiting,"['visual aura in some patients', 'moderate to severe pulsating headache often on one side', 'sensitivity to light and sound', 'nausea vomiting']",visual aura in some patients moderate to severe pulsating headache often on one side sensitivity to light and sound nausea vomiting,4,True,True,0.8,40
Tension Headache,not worsened by physical activity; dull  aching head pain,"['not worsened by physical activity', 'dull  aching head pain']",not worsened by physical activity dull  aching head pain,2,True,True,0.6,41
Tension Headache,dull  aching head pain; mild to moderate intensity,"['dull  aching head pain', 'mild to moderate intensity']",dull  aching head pain mild to moderate intensity,2,True,True,0.7,41
Tension Headache,mild to moderate intensity; tightness or pressure across forehead or back of head neck; not worsened by physical activity,"['mild to moderate intensity', 'tightness or pressure across forehead or back of head neck', 'not worsened by physical activity']",mild to moderate intensity tightness or pressure across forehead or back of head neck not worsened by physical activity,3,True,True,0.8,41
Major Depressive Disorder,difficulty concentrating; fatigue; loss of interest or pleasure; changes in appetite or weight,"['difficulty concentrating', 'fatigue', 'loss of interest or pleasure', 'changes in appetite or weight']",difficulty concentrating fatigue loss of interest or pleasure changes in appetite or weight,4,True,True,0.6,42
Major Depressive Disorder,difficulty concentrating; loss of interest or pleasure; suicidal thoughts; sleep disturbances,"['difficulty concentrating', 'loss of interest or pleasure', 'suicidal thoughts', 'sleep disturbances']",difficulty concentrating loss of interest or pleasure suicidal thoughts sleep disturbances,4,True,True,0.7,42
Major Depressive Disorder,persistent low mood; suicidal thoughts; loss of interest or pleasure; fatigue; sleep disturbances,"['persistent low mood', 'suicidal thoughts', 'loss of interest or pleasure', 'fatigue', 'sleep disturbances']",persistent low mood suicidal thoughts loss of interest or pleasure fatigue sleep disturbances,5,True,True,0.8,42
Generalized Anxiety Disorder (GAD),irritability; excessive worry; sleep disturbance; difficulty concentrating,"['irritability', 'excessive worry', 'sleep disturbance', 'difficulty concentrating']",irritability excessive worry sleep disturbance difficulty concentrating,4,True,True,0.6,43
Generalized Anxiety Disorder (GAD),sleep disturbance; excessive worry; fatigue; muscle tension,"['sleep disturbance', 'excessive worry', 'fatigue', 'muscle tension']",sleep disturbance excessive worry fatigue muscle tension,4,True,True,0.7,43
Generalized Anxiety Disorder (GAD),muscle tension; restlessness; irritability; sleep disturbance; difficulty concentrating,"['muscle tension', 'restlessness', 'irritability', 'sleep disturbance', 'difficulty concentrating']",muscle tension restlessness irritability sleep disturbance difficulty concentrating,5,True,True,0.8,43
Rheumatoid Arthritis,symmetric joint pain  swelling and stiffness  worse in morning; fatigue,"['symmetric joint pain  swelling and stiffness  worse in morning', 'fatigue']",symmetric joint pain  swelling and stiffness  worse in morning fatigue,2,True,True,0.6,44
Rheumatoid Arthritis,prolonged morning stiffness; fatigue,"['prolonged morning stiffness', 'fatigue']",prolonged morning stiffness fatigue,2,True,True,0.7,44
Rheumatoid Arthritis,small joint involvement  hands  feet; fatigue; prolonged morning stiffness,"['small joint involvement  hands  feet', 'fatigue', 'prolonged morning stiffness']",small joint involvement  hands  feet fatigue prolonged morning stiffness,3,True,True,0.8,44
Osteoarthritis,decreased range of motion; joint pain worsened with use; crepitus,"['decreased range of motion', 'joint pain worsened with use', 'crepitus']",decreased range of motion joint pain worsened with use crepitus,3,True,True,0.6,45
Osteoarthritis,commonly affects knees  hips  hands  spine; stiffness  especially after rest; decreased range of motion,"['commonly affects knees  hips  hands  spine', 'stiffness  especially after rest', 'decreased range of motion']",commonly affects knees  hips  hands  spine stiffness  especially after rest decreased range of motion,3,True,True,0.7,45
Osteoarthritis,crepitus; decreased range of motion; joint pain worsened with use; commonly affects knees  hips  hands  spine,"['crepitus', 'decreased range of motion', 'joint pain worsened with use', 'commonly affects knees  hips  hands  spine']",crepitus decreased range of motion joint pain worsened with use commonly affects knees  hips  hands  spine,4,True,True,0.8,45
Systemic Lupus Erythematosus (Lupus),fatigue; chest pain from pleurisy; joint pain and swelling; butterfly rash on face,"['fatigue', 'chest pain from pleurisy', 'joint pain and swelling', 'butterfly rash on face']",fatigue chest pain from pleurisy joint pain and swelling butterfly rash on face,4,True,True,0.6,46
Systemic Lupus Erythematosus (Lupus),joint pain and swelling; mouth ulcers; fatigue; fever; photosensitivity,"['joint pain and swelling', 'mouth ulcers', 'fatigue', 'fever', 'photosensitivity']",joint pain and swelling mouth ulcers fatigue fever photosensitivity,5,True,True,0.7,46
Systemic Lupus Erythematosus (Lupus),joint pain and swelling; mouth ulcers; fever; fatigue; photosensitivity; chest pain from pleurisy,"['joint pain and swelling', 'mouth ulcers', 'fever', 'fatigue', 'photosensitivity', 'chest pain from pleurisy']",joint pain and swelling mouth ulcers fever fatigue photosensitivity chest pain from pleurisy,6,True,True,0.8,46
Osteoporosis,loss of height; stooped posture; often asymptomatic until fracture,"['loss of height', 'stooped posture', 'often asymptomatic until fracture']",loss of height stooped posture often asymptomatic until fracture,3,True,True,0.6,47
Osteoporosis,stooped posture; back pain from vertebral fractures; loss of height,"['stooped posture', 'back pain from vertebral fractures', 'loss of height']",stooped posture back pain from vertebral fractures loss of height,3,True,True,0.7,47
Osteoporosis,often asymptomatic until fracture; stooped posture; increased risk of wrist hip vertebral fractures; back pain from vertebral fractures,"['often asymptomatic until fracture', 'stooped posture', 'increased risk of wrist hip vertebral fractures', 'back pain from vertebral fractures']",often asymptomatic until fracture stooped posture increased risk of wrist hip vertebral fractures back pain from vertebral fractures,4,True,True,0.8,47
Chronic Kidney Disease (CKD),fatigue; electrolyte imbalances; nausea; swelling  edema  in legs ankles,"['fatigue', 'electrolyte imbalances', 'nausea', 'swelling  edema  in legs ankles']",fatigue electrolyte imbalances nausea swelling  edema  in legs ankles,4,True,True,0.6,48
Chronic Kidney Disease (CKD),electrolyte imbalances; loss of appetite; fatigue; itching,"['electrolyte imbalances', 'loss of appetite', 'fatigue', 'itching']",electrolyte imbalances loss of appetite fatigue itching,4,True,True,0.7,48
Chronic Kidney Disease (CKD),fatigue; electrolyte imbalances; swelling  edema  in legs ankles; loss of appetite; decreased urine output or changes in urination,"['fatigue', 'electrolyte imbalances', 'swelling  edema  in legs ankles', 'loss of appetite', 'decreased urine output or changes in urination']",fatigue electrolyte imbalances swelling  edema  in legs ankles loss of appetite decreased urine output or changes in urination,5,True,True,0.8,48
