Disease,Symptoms,symptoms_list,symptoms_text,symptom_count,is_augmented,original_index
Common Cold,runny or nasal congestion; sneezing; throat pain; mild cough; low grade fever; mild headache; fatigue,"['runny or nasal congestion', 'sneezing', 'throat pain', 'mild cough', 'low grade fever', 'mild headache', 'fatigue']",runny or nasal congestion sneezing throat pain mild cough low grade fever mild headache fatigue,7,False,0
Common Cold,mood changes; runny or nasal congestion; mild cough; low grade fever; mild headache; exhaustion; throat pain; sneezing,"['mood changes', 'runny or nasal congestion', 'mild cough', 'low grade fever', 'mild headache', 'exhaustion', 'throat pain', 'sneezing']",mood changes runny or nasal congestion mild cough low grade fever mild headache exhaustion throat pain sneezing,8,True,0
Common Cold,runny or nasal congestion; sneezing; throat pain; mild cough; low grade fever; mild headache; tiredness; mood changes,"['runny or nasal congestion', 'sneezing', 'throat pain', 'mild cough', 'low grade fever', 'mild headache', 'tiredness', 'mood changes']",runny or nasal congestion sneezing throat pain mild cough low grade fever mild headache tiredness mood changes,8,True,0
Common Cold,runny or nasal congestion; sneezing; throat pain; mild cough; low grade fever; mild headache; fatigue,"['runny or nasal congestion', 'sneezing', 'throat pain', 'mild cough', 'low grade fever', 'mild headache', 'fatigue']",runny or nasal congestion sneezing throat pain mild cough low grade fever mild headache fatigue,7,True,0
Influenza (Flu),high fever; chills; severe body aches; headache; dry cough; throat pain; profound fatigue; sometimes vomiting diarrhea  more in children,"['high fever', 'chills', 'severe body aches', 'headache', 'dry cough', 'throat pain', 'profound fatigue', 'sometimes vomiting diarrhea  more in children']",high fever chills severe body aches headache dry cough throat pain profound fatigue sometimes vomiting diarrhea  more in children,8,False,1
Influenza (Flu),dry cough; high fever; headache; sometimes vomiting diarrhea  more in children; profound fatigue; severe body aches; chills; throat pain,"['dry cough', 'high fever', 'headache', 'sometimes vomiting diarrhea  more in children', 'profound fatigue', 'severe body aches', 'chills', 'throat pain']",dry cough high fever headache sometimes vomiting diarrhea  more in children profound fatigue severe body aches chills throat pain,8,True,1
Influenza (Flu),high fever; chills; severe body aches; head pain; dry cough; throat pain; profound fatigue,"['high fever', 'chills', 'severe body aches', 'head pain', 'dry cough', 'throat pain', 'profound fatigue']",high fever chills severe body aches head pain dry cough throat pain profound fatigue,7,True,1
Influenza (Flu),throat pain; severe body aches; seizures; chills; sometimes vomiting diarrhea  more in children; high fever; profound fatigue; headache; dry cough,"['throat pain', 'severe body aches', 'seizures', 'chills', 'sometimes vomiting diarrhea  more in children', 'high fever', 'profound fatigue', 'headache', 'dry cough']",throat pain severe body aches seizures chills sometimes vomiting diarrhea  more in children high fever profound fatigue headache dry cough,9,True,1
Pneumonia,high fever; productive cough with phlegm; chest pain when breathing or coughing; shortness of breath; sweating; chills; fatigue,"['high fever', 'productive cough with phlegm', 'chest pain when breathing or coughing', 'shortness of breath', 'sweating', 'chills', 'fatigue']",high fever productive cough with phlegm chest pain when breathing or coughing shortness of breath sweating chills fatigue,7,False,2
Pneumonia,chest pain when breathing or coughing; chills; high fever; productive cough with phlegm; sweating; shortness of breath,"['chest pain when breathing or coughing', 'chills', 'high fever', 'productive cough with phlegm', 'sweating', 'shortness of breath']",chest pain when breathing or coughing chills high fever productive cough with phlegm sweating shortness of breath,6,True,2
Pneumonia,productive cough with phlegm; fatigue; sweating; chest pain when breathing or coughing; chills; difficulty breathing; high fever,"['productive cough with phlegm', 'fatigue', 'sweating', 'chest pain when breathing or coughing', 'chills', 'difficulty breathing', 'high fever']",productive cough with phlegm fatigue sweating chest pain when breathing or coughing chills difficulty breathing high fever,7,True,2
Pneumonia,high fever; chest pain when breathing or coughing; shortness of breath; sweating; chills; fatigue,"['high fever', 'chest pain when breathing or coughing', 'shortness of breath', 'sweating', 'chills', 'fatigue']",high fever chest pain when breathing or coughing shortness of breath sweating chills fatigue,6,True,2
Bronchitis,persistent cough  may produce mucus; wheezing; chest discomfort; low grade fever; shortness of breath; fatigue,"['persistent cough  may produce mucus', 'wheezing', 'chest discomfort', 'low grade fever', 'shortness of breath', 'fatigue']",persistent cough  may produce mucus wheezing chest discomfort low grade fever shortness of breath fatigue,6,False,3
Bronchitis,shortness of breath; wheezing; low grade fever; fatigue; chest discomfort,"['shortness of breath', 'wheezing', 'low grade fever', 'fatigue', 'chest discomfort']",shortness of breath wheezing low grade fever fatigue chest discomfort,5,True,3
Bronchitis,shortness of breath; fatigue; wheezing; chest discomfort; low grade fever,"['shortness of breath', 'fatigue', 'wheezing', 'chest discomfort', 'low grade fever']",shortness of breath fatigue wheezing chest discomfort low grade fever,5,True,3
Bronchitis,persistent cough  may produce mucus; wheezing; chest discomfort; low grade fever; shortness of breath; fatigue,"['persistent cough  may produce mucus', 'wheezing', 'chest discomfort', 'low grade fever', 'shortness of breath', 'fatigue']",persistent cough  may produce mucus wheezing chest discomfort low grade fever shortness of breath fatigue,6,True,3
Asthma,recurrent wheeze; shortness of breath; chest tightness; coughing  worse at night early morning; triggers  allergens  exercise,"['recurrent wheeze', 'shortness of breath', 'chest tightness', 'coughing  worse at night early morning', 'triggers  allergens  exercise']",recurrent wheeze shortness of breath chest tightness coughing  worse at night early morning triggers  allergens  exercise,5,False,4
Asthma,recurrent wheeze; dyspnea; chest tightness; coughing  worse at night early morning; triggers  allergens  exercise,"['recurrent wheeze', 'dyspnea', 'chest tightness', 'coughing  worse at night early morning', 'triggers  allergens  exercise']",recurrent wheeze dyspnea chest tightness coughing  worse at night early morning triggers  allergens  exercise,5,True,4
Asthma,shortness of breath; coughing  worse at night early morning; palpitations; recurrent wheeze; triggers  allergens  exercise; chest tightness,"['shortness of breath', 'coughing  worse at night early morning', 'palpitations', 'recurrent wheeze', 'triggers  allergens  exercise', 'chest tightness']",shortness of breath coughing  worse at night early morning palpitations recurrent wheeze triggers  allergens  exercise chest tightness,6,True,4
Asthma,shortness of breath; coughing  worse at night early morning; sneezing; chest tightness; recurrent wheeze; triggers  allergens  exercise,"['shortness of breath', 'coughing  worse at night early morning', 'sneezing', 'chest tightness', 'recurrent wheeze', 'triggers  allergens  exercise']",shortness of breath coughing  worse at night early morning sneezing chest tightness recurrent wheeze triggers  allergens  exercise,6,True,4
Allergic Rhinitis (Hay Fever),sneezing; itchy  watery eyes; runny or congested nose; post nasal drip; itchy throat; seasonal or perennial pattern,"['sneezing', 'itchy  watery eyes', 'runny or congested nose', 'post nasal drip', 'itchy throat', 'seasonal or perennial pattern']",sneezing itchy  watery eyes runny or congested nose post nasal drip itchy throat seasonal or perennial pattern,6,False,5
Allergic Rhinitis (Hay Fever),sneezing; itchy  watery eyes; runny or congested nose; post nasal drip; itchy throat; seasonal or perennial pattern; nasal congestion,"['sneezing', 'itchy  watery eyes', 'runny or congested nose', 'post nasal drip', 'itchy throat', 'seasonal or perennial pattern', 'nasal congestion']",sneezing itchy  watery eyes runny or congested nose post nasal drip itchy throat seasonal or perennial pattern nasal congestion,7,True,5
Allergic Rhinitis (Hay Fever),sneezing; itchy  watery eyes; runny or congested nose; post nasal drip; itchy throat; seasonal or perennial pattern; sore throat,"['sneezing', 'itchy  watery eyes', 'runny or congested nose', 'post nasal drip', 'itchy throat', 'seasonal or perennial pattern', 'sore throat']",sneezing itchy  watery eyes runny or congested nose post nasal drip itchy throat seasonal or perennial pattern sore throat,7,True,5
Allergic Rhinitis (Hay Fever),itchy  watery eyes; seasonal or perennial pattern; itchy throat; runny or congested nose; post nasal drip; sneezing,"['itchy  watery eyes', 'seasonal or perennial pattern', 'itchy throat', 'runny or congested nose', 'post nasal drip', 'sneezing']",itchy  watery eyes seasonal or perennial pattern itchy throat runny or congested nose post nasal drip sneezing,6,True,5
Sinusitis,facial pain pressure; nasal congestion; thick nasal discharge  yellow green; reduced sense of smell; headache; dental pain; cough,"['facial pain pressure', 'nasal congestion', 'thick nasal discharge  yellow green', 'reduced sense of smell', 'headache', 'dental pain', 'cough']",facial pain pressure nasal congestion thick nasal discharge  yellow green reduced sense of smell headache dental pain cough,7,False,6
Sinusitis,facial pain pressure; nasal congestion; thick nasal discharge  yellow green; reduced sense of smell; headache; dental pain; cough,"['facial pain pressure', 'nasal congestion', 'thick nasal discharge  yellow green', 'reduced sense of smell', 'headache', 'dental pain', 'cough']",facial pain pressure nasal congestion thick nasal discharge  yellow green reduced sense of smell headache dental pain cough,7,True,6
Sinusitis,facial pain pressure; nasal congestion; thick nasal discharge  yellow green; headache; dental pain; cough,"['facial pain pressure', 'nasal congestion', 'thick nasal discharge  yellow green', 'headache', 'dental pain', 'cough']",facial pain pressure nasal congestion thick nasal discharge  yellow green headache dental pain cough,6,True,6
Sinusitis,facial pain pressure; nasal congestion; thick nasal discharge  yellow green; reduced sense of smell; headache; dental pain; cough; difficulty concentrating,"['facial pain pressure', 'nasal congestion', 'thick nasal discharge  yellow green', 'reduced sense of smell', 'headache', 'dental pain', 'cough', 'difficulty concentrating']",facial pain pressure nasal congestion thick nasal discharge  yellow green reduced sense of smell headache dental pain cough difficulty concentrating,8,True,6
Strep Throat,sudden severe throat pain; pain on swallowing; fever; swollen tender lymph nodes in neck; white patches on tonsils; absent cough,"['sudden severe throat pain', 'pain on swallowing', 'fever', 'swollen tender lymph nodes in neck', 'white patches on tonsils', 'absent cough']",sudden severe throat pain pain on swallowing fever swollen tender lymph nodes in neck white patches on tonsils absent cough,6,False,7
Strep Throat,white patches on tonsils; sudden severe throat pain; absent cough; fever; pain on swallowing,"['white patches on tonsils', 'sudden severe throat pain', 'absent cough', 'fever', 'pain on swallowing']",white patches on tonsils sudden severe throat pain absent cough fever pain on swallowing,5,True,7
Strep Throat,sudden severe throat pain; pain on swallowing; elevated temperature; swollen tender lymph nodes in neck; white patches on tonsils; absent cough,"['sudden severe throat pain', 'pain on swallowing', 'elevated temperature', 'swollen tender lymph nodes in neck', 'white patches on tonsils', 'absent cough']",sudden severe throat pain pain on swallowing elevated temperature swollen tender lymph nodes in neck white patches on tonsils absent cough,6,True,7
Strep Throat,sudden severe throat pain; pain on swallowing; fever; swollen tender lymph nodes in neck; white patches on tonsils; absent cough,"['sudden severe throat pain', 'pain on swallowing', 'fever', 'swollen tender lymph nodes in neck', 'white patches on tonsils', 'absent cough']",sudden severe throat pain pain on swallowing fever swollen tender lymph nodes in neck white patches on tonsils absent cough,6,True,7
Tonsillitis,throat pain; swollen enlarged tonsils often with white or yellow patches; painful swallowing; fever; bad breath; swollen neck glands,"['throat pain', 'swollen enlarged tonsils often with white or yellow patches', 'painful swallowing', 'fever', 'bad breath', 'swollen neck glands']",throat pain swollen enlarged tonsils often with white or yellow patches painful swallowing fever bad breath swollen neck glands,6,False,8
Tonsillitis,throat pain; swollen enlarged tonsils often with white or yellow patches; painful swallowing; fever; bad breath; swollen neck glands,"['throat pain', 'swollen enlarged tonsils often with white or yellow patches', 'painful swallowing', 'fever', 'bad breath', 'swollen neck glands']",throat pain swollen enlarged tonsils often with white or yellow patches painful swallowing fever bad breath swollen neck glands,6,True,8
Tonsillitis,throat pain; swollen enlarged tonsils often with white or yellow patches; painful swallowing; fever; bad breath; swollen neck glands,"['throat pain', 'swollen enlarged tonsils often with white or yellow patches', 'painful swallowing', 'fever', 'bad breath', 'swollen neck glands']",throat pain swollen enlarged tonsils often with white or yellow patches painful swallowing fever bad breath swollen neck glands,6,True,8
Tonsillitis,throat pain; swollen enlarged tonsils often with white or yellow patches; painful swallowing; fever; bad breath; swollen neck glands,"['throat pain', 'swollen enlarged tonsils often with white or yellow patches', 'painful swallowing', 'fever', 'bad breath', 'swollen neck glands']",throat pain swollen enlarged tonsils often with white or yellow patches painful swallowing fever bad breath swollen neck glands,6,True,8
Gastroenteritis (Stomach Flu),nausea; vomiting; watery diarrhea; abdominal cramps; low grade fever; dehydration risk; muscle aches,"['nausea', 'vomiting', 'watery diarrhea', 'abdominal cramps', 'low grade fever', 'dehydration risk', 'muscle aches']",nausea vomiting watery diarrhea abdominal cramps low grade fever dehydration risk muscle aches,7,False,9
Gastroenteritis (Stomach Flu),nausea; vomiting; watery diarrhea; abdominal cramps; low grade fever; dehydration risk; muscle aches; heartburn,"['nausea', 'vomiting', 'watery diarrhea', 'abdominal cramps', 'low grade fever', 'dehydration risk', 'muscle aches', 'heartburn']",nausea vomiting watery diarrhea abdominal cramps low grade fever dehydration risk muscle aches heartburn,8,True,9
Gastroenteritis (Stomach Flu),nausea; vomiting; watery diarrhea; abdominal cramps; low grade fever; dehydration risk; muscle aches; constipation,"['nausea', 'vomiting', 'watery diarrhea', 'abdominal cramps', 'low grade fever', 'dehydration risk', 'muscle aches', 'constipation']",nausea vomiting watery diarrhea abdominal cramps low grade fever dehydration risk muscle aches constipation,8,True,9
Gastroenteritis (Stomach Flu),sick to stomach; vomiting; watery diarrhea; abdominal cramps; low grade fever; dehydration risk; muscle aches,"['sick to stomach', 'vomiting', 'watery diarrhea', 'abdominal cramps', 'low grade fever', 'dehydration risk', 'muscle aches']",sick to stomach vomiting watery diarrhea abdominal cramps low grade fever dehydration risk muscle aches,7,True,9
Food Poisoning,sudden nausea; vomiting; severe abdominal cramps; diarrhea  may be bloody depending on cause; fever; weakness; dehydration,"['sudden nausea', 'vomiting', 'severe abdominal cramps', 'diarrhea  may be bloody depending on cause', 'fever', 'weakness', 'dehydration']",sudden nausea vomiting severe abdominal cramps diarrhea  may be bloody depending on cause fever weakness dehydration,7,False,10
Food Poisoning,severe abdominal cramps; diarrhea  may be bloody depending on cause; nausea; emesis; elevated temperature; dehydration; weakness; sudden nausea,"['severe abdominal cramps', 'diarrhea  may be bloody depending on cause', 'nausea', 'emesis', 'elevated temperature', 'dehydration', 'weakness', 'sudden nausea']",severe abdominal cramps diarrhea  may be bloody depending on cause nausea emesis elevated temperature dehydration weakness sudden nausea,8,True,10
Food Poisoning,sudden nausea; vomiting; severe abdominal cramps; diarrhea  may be bloody depending on cause; fever; weakness; dehydration,"['sudden nausea', 'vomiting', 'severe abdominal cramps', 'diarrhea  may be bloody depending on cause', 'fever', 'weakness', 'dehydration']",sudden nausea vomiting severe abdominal cramps diarrhea  may be bloody depending on cause fever weakness dehydration,7,True,10
Food Poisoning,sudden nausea; vomiting; severe abdominal cramps; diarrhea  may be bloody depending on cause; fever; weakness; dehydration,"['sudden nausea', 'vomiting', 'severe abdominal cramps', 'diarrhea  may be bloody depending on cause', 'fever', 'weakness', 'dehydration']",sudden nausea vomiting severe abdominal cramps diarrhea  may be bloody depending on cause fever weakness dehydration,7,True,10
Gastritis,upper abdominal pain or burning; bloating; nausea; vomiting; belching; loss of appetite; sometimes dark tarry stools if bleeding,"['upper abdominal pain or burning', 'bloating', 'nausea', 'vomiting', 'belching', 'loss of appetite', 'sometimes dark tarry stools if bleeding']",upper abdominal pain or burning bloating nausea vomiting belching loss of appetite sometimes dark tarry stools if bleeding,7,False,11
Gastritis,upper abdominal pain or burning; bloating; nausea; emesis; belching; loss of appetite; sometimes dark tarry stools if bleeding; vomiting,"['upper abdominal pain or burning', 'bloating', 'nausea', 'emesis', 'belching', 'loss of appetite', 'sometimes dark tarry stools if bleeding', 'vomiting']",upper abdominal pain or burning bloating nausea emesis belching loss of appetite sometimes dark tarry stools if bleeding vomiting,8,True,11
Gastritis,belching; nausea; loss of appetite; bloating; sometimes dark tarry stools if bleeding; vomiting; upper abdominal pain or burning,"['belching', 'nausea', 'loss of appetite', 'bloating', 'sometimes dark tarry stools if bleeding', 'vomiting', 'upper abdominal pain or burning']",belching nausea loss of appetite bloating sometimes dark tarry stools if bleeding vomiting upper abdominal pain or burning,7,True,11
Gastritis,upper abdominal pain or burning; bloating; sick to stomach; vomiting; belching; loss of appetite; sometimes dark tarry stools if bleeding,"['upper abdominal pain or burning', 'bloating', 'sick to stomach', 'vomiting', 'belching', 'loss of appetite', 'sometimes dark tarry stools if bleeding']",upper abdominal pain or burning bloating sick to stomach vomiting belching loss of appetite sometimes dark tarry stools if bleeding,7,True,11
Peptic Ulcer Disease,burning or gnawing epigastric pain  better worse with meals depending on type; bloating; nausea; heartburn; possible vomiting or gi bleeding,"['burning or gnawing epigastric pain  better worse with meals depending on type', 'bloating', 'nausea', 'heartburn', 'possible vomiting or gi bleeding']",burning or gnawing epigastric pain  better worse with meals depending on type bloating nausea heartburn possible vomiting or gi bleeding,5,False,12
Peptic Ulcer Disease,burning or gnawing epigastric pain  better worse with meals depending on type; bloating; nausea; heartburn; possible vomiting or gi bleeding,"['burning or gnawing epigastric pain  better worse with meals depending on type', 'bloating', 'nausea', 'heartburn', 'possible vomiting or gi bleeding']",burning or gnawing epigastric pain  better worse with meals depending on type bloating nausea heartburn possible vomiting or gi bleeding,5,True,12
Peptic Ulcer Disease,bloating; queasy; heartburn; possible vomiting or gi bleeding; belching,"['bloating', 'queasy', 'heartburn', 'possible vomiting or gi bleeding', 'belching']",bloating queasy heartburn possible vomiting or gi bleeding belching,5,True,12
Peptic Ulcer Disease,burning or gnawing epigastric pain  better worse with meals depending on type; bloating; nausea; heartburn; possible vomiting or gi bleeding,"['burning or gnawing epigastric pain  better worse with meals depending on type', 'bloating', 'nausea', 'heartburn', 'possible vomiting or gi bleeding']",burning or gnawing epigastric pain  better worse with meals depending on type bloating nausea heartburn possible vomiting or gi bleeding,5,True,12
GERD (Acid Reflux),heartburn; acid regurgitation; chest discomfort; chronic cough; hoarseness; sour taste; worse when lying down or after meals,"['heartburn', 'acid regurgitation', 'chest discomfort', 'chronic cough', 'hoarseness', 'sour taste', 'worse when lying down or after meals']",heartburn acid regurgitation chest discomfort chronic cough hoarseness sour taste worse when lying down or after meals,7,False,13
GERD (Acid Reflux),heartburn; acid regurgitation; chest discomfort; chronic cough; hoarseness; sour taste; worse when lying down or after meals; abdominal pain,"['heartburn', 'acid regurgitation', 'chest discomfort', 'chronic cough', 'hoarseness', 'sour taste', 'worse when lying down or after meals', 'abdominal pain']",heartburn acid regurgitation chest discomfort chronic cough hoarseness sour taste worse when lying down or after meals abdominal pain,8,True,13
GERD (Acid Reflux),chest discomfort; hoarseness; sour taste; acid regurgitation; heartburn; worse when lying down or after meals; chronic cough,"['chest discomfort', 'hoarseness', 'sour taste', 'acid regurgitation', 'heartburn', 'worse when lying down or after meals', 'chronic cough']",chest discomfort hoarseness sour taste acid regurgitation heartburn worse when lying down or after meals chronic cough,7,True,13
GERD (Acid Reflux),heartburn; acid regurgitation; chest discomfort; chronic cough; hoarseness; sour taste; worse when lying down or after meals; constipation,"['heartburn', 'acid regurgitation', 'chest discomfort', 'chronic cough', 'hoarseness', 'sour taste', 'worse when lying down or after meals', 'constipation']",heartburn acid regurgitation chest discomfort chronic cough hoarseness sour taste worse when lying down or after meals constipation,8,True,13
Appendicitis,periumbilical pain that migrates to right lower abdomen; worsening abdominal pain; nausea; vomiting; fever; loss of appetite; rebound tenderness,"['periumbilical pain that migrates to right lower abdomen', 'worsening abdominal pain', 'nausea', 'vomiting', 'fever', 'loss of appetite', 'rebound tenderness']",periumbilical pain that migrates to right lower abdomen worsening abdominal pain nausea vomiting fever loss of appetite rebound tenderness,7,False,14
Appendicitis,periumbilical pain that migrates to right lower abdomen; worsening abdominal pain; nausea; vomiting; pyrexia; loss of appetite; rebound tenderness; bloating,"['periumbilical pain that migrates to right lower abdomen', 'worsening abdominal pain', 'nausea', 'vomiting', 'pyrexia', 'loss of appetite', 'rebound tenderness', 'bloating']",periumbilical pain that migrates to right lower abdomen worsening abdominal pain nausea vomiting pyrexia loss of appetite rebound tenderness bloating,8,True,14
Appendicitis,periumbilical pain that migrates to right lower abdomen; worsening abdominal pain; nausea; vomiting; fever; loss of appetite; rebound tenderness,"['periumbilical pain that migrates to right lower abdomen', 'worsening abdominal pain', 'nausea', 'vomiting', 'fever', 'loss of appetite', 'rebound tenderness']",periumbilical pain that migrates to right lower abdomen worsening abdominal pain nausea vomiting fever loss of appetite rebound tenderness,7,True,14
Appendicitis,periumbilical pain that migrates to right lower abdomen; worsening abdominal pain; queasy; vomiting; fever; loss of appetite; heartburn,"['periumbilical pain that migrates to right lower abdomen', 'worsening abdominal pain', 'queasy', 'vomiting', 'fever', 'loss of appetite', 'heartburn']",periumbilical pain that migrates to right lower abdomen worsening abdominal pain queasy vomiting fever loss of appetite heartburn,7,True,14
Cholecystitis / Gallstones,sudden severe pain in right upper abdomen or right shoulder; nausea; vomiting; fever; tenderness over gallbladder; pain after fatty meals,"['sudden severe pain in right upper abdomen or right shoulder', 'nausea', 'vomiting', 'fever', 'tenderness over gallbladder', 'pain after fatty meals']",sudden severe pain in right upper abdomen or right shoulder nausea vomiting fever tenderness over gallbladder pain after fatty meals,6,False,15
Cholecystitis / Gallstones,sudden severe pain in right upper abdomen or right shoulder; nausea; vomiting; fever; tenderness over gallbladder; pain after fatty meals; diarrhea,"['sudden severe pain in right upper abdomen or right shoulder', 'nausea', 'vomiting', 'fever', 'tenderness over gallbladder', 'pain after fatty meals', 'diarrhea']",sudden severe pain in right upper abdomen or right shoulder nausea vomiting fever tenderness over gallbladder pain after fatty meals diarrhea,7,True,15
Cholecystitis / Gallstones,sudden severe pain in right upper abdomen or right shoulder; nausea; throwing up; fever; tenderness over gallbladder; pain after fatty meals,"['sudden severe pain in right upper abdomen or right shoulder', 'nausea', 'throwing up', 'fever', 'tenderness over gallbladder', 'pain after fatty meals']",sudden severe pain in right upper abdomen or right shoulder nausea throwing up fever tenderness over gallbladder pain after fatty meals,6,True,15
Cholecystitis / Gallstones,sudden severe pain in right upper abdomen or right shoulder; nausea; vomiting; fever; tenderness over gallbladder; pain after fatty meals,"['sudden severe pain in right upper abdomen or right shoulder', 'nausea', 'vomiting', 'fever', 'tenderness over gallbladder', 'pain after fatty meals']",sudden severe pain in right upper abdomen or right shoulder nausea vomiting fever tenderness over gallbladder pain after fatty meals,6,True,15
Hepatitis (viral),fatigue; jaundice  yellowing of skin eyes; dark urine; pale stools; abdominal discomfort  right upper quadrant; nausea; loss of appetite,"['fatigue', 'jaundice  yellowing of skin eyes', 'dark urine', 'pale stools', 'abdominal discomfort  right upper quadrant', 'nausea', 'loss of appetite']",fatigue jaundice  yellowing of skin eyes dark urine pale stools abdominal discomfort  right upper quadrant nausea loss of appetite,7,False,16
Hepatitis (viral),weakness; jaundice  yellowing of skin eyes; dark urine; pale stools; abdominal discomfort  right upper quadrant; nausea; loss of appetite,"['weakness', 'jaundice  yellowing of skin eyes', 'dark urine', 'pale stools', 'abdominal discomfort  right upper quadrant', 'nausea', 'loss of appetite']",weakness jaundice  yellowing of skin eyes dark urine pale stools abdominal discomfort  right upper quadrant nausea loss of appetite,7,True,16
Hepatitis (viral),fatigue; jaundice  yellowing of skin eyes; dark urine; abdominal discomfort  right upper quadrant; nausea; decreased appetite,"['fatigue', 'jaundice  yellowing of skin eyes', 'dark urine', 'abdominal discomfort  right upper quadrant', 'nausea', 'decreased appetite']",fatigue jaundice  yellowing of skin eyes dark urine abdominal discomfort  right upper quadrant nausea decreased appetite,6,True,16
Hepatitis (viral),fatigue; jaundice  yellowing of skin eyes; dark urine; pale stools; abdominal discomfort  right upper quadrant; nausea; anorexia; thirst,"['fatigue', 'jaundice  yellowing of skin eyes', 'dark urine', 'pale stools', 'abdominal discomfort  right upper quadrant', 'nausea', 'anorexia', 'thirst']",fatigue jaundice  yellowing of skin eyes dark urine pale stools abdominal discomfort  right upper quadrant nausea anorexia thirst,8,True,16
Pancreatitis,severe constant upper abdominal pain radiating to the back; nausea; vomiting; fever; rapid pulse; abdominal tenderness,"['severe constant upper abdominal pain radiating to the back', 'nausea', 'vomiting', 'fever', 'rapid pulse', 'abdominal tenderness']",severe constant upper abdominal pain radiating to the back nausea vomiting fever rapid pulse abdominal tenderness,6,False,17
Pancreatitis,severe constant upper abdominal pain radiating to the back; sick to stomach; vomiting; fever; rapid pulse; abdominal tenderness; bloating,"['severe constant upper abdominal pain radiating to the back', 'sick to stomach', 'vomiting', 'fever', 'rapid pulse', 'abdominal tenderness', 'bloating']",severe constant upper abdominal pain radiating to the back sick to stomach vomiting fever rapid pulse abdominal tenderness bloating,7,True,17
Pancreatitis,severe constant upper abdominal pain radiating to the back; nausea; vomiting; fever; rapid pulse; abdominal tenderness; bloating,"['severe constant upper abdominal pain radiating to the back', 'nausea', 'vomiting', 'fever', 'rapid pulse', 'abdominal tenderness', 'bloating']",severe constant upper abdominal pain radiating to the back nausea vomiting fever rapid pulse abdominal tenderness bloating,7,True,17
Pancreatitis,nausea; severe constant upper abdominal pain radiating to the back; fever; vomiting; heartburn; abdominal tenderness,"['nausea', 'severe constant upper abdominal pain radiating to the back', 'fever', 'vomiting', 'heartburn', 'abdominal tenderness']",nausea severe constant upper abdominal pain radiating to the back fever vomiting heartburn abdominal tenderness,6,True,17
Urinary Tract Infection (UTI),burning or dysuria; frequent urge to urinate; small amounts of urine; cloudy or strong smelling urine; lower abdominal pelvic pain; sometimes hematuria,"['burning or dysuria', 'frequent urge to urinate', 'small amounts of urine', 'cloudy or strong smelling urine', 'lower abdominal pelvic pain', 'sometimes hematuria']",burning or dysuria frequent urge to urinate small amounts of urine cloudy or strong smelling urine lower abdominal pelvic pain sometimes hematuria,6,False,18
Urinary Tract Infection (UTI),cloudy or strong smelling urine; small amounts of urine; burning or dysuria; sometimes hematuria; lower abdominal pelvic pain; frequent urge to urinate,"['cloudy or strong smelling urine', 'small amounts of urine', 'burning or dysuria', 'sometimes hematuria', 'lower abdominal pelvic pain', 'frequent urge to urinate']",cloudy or strong smelling urine small amounts of urine burning or dysuria sometimes hematuria lower abdominal pelvic pain frequent urge to urinate,6,True,18
Urinary Tract Infection (UTI),burning or dysuria; frequent urge to urinate; small amounts of urine; cloudy or strong smelling urine; lower abdominal pelvic pain; sometimes hematuria,"['burning or dysuria', 'frequent urge to urinate', 'small amounts of urine', 'cloudy or strong smelling urine', 'lower abdominal pelvic pain', 'sometimes hematuria']",burning or dysuria frequent urge to urinate small amounts of urine cloudy or strong smelling urine lower abdominal pelvic pain sometimes hematuria,6,True,18
Urinary Tract Infection (UTI),burning or dysuria; frequent urge to urinate; small amounts of urine; cloudy or strong smelling urine; lower abdominal pelvic pain,"['burning or dysuria', 'frequent urge to urinate', 'small amounts of urine', 'cloudy or strong smelling urine', 'lower abdominal pelvic pain']",burning or dysuria frequent urge to urinate small amounts of urine cloudy or strong smelling urine lower abdominal pelvic pain,5,True,18
Pyelonephritis (Kidney Infection),high fever; chills; flank  side  or back pain; nausea vomiting; painful frequent urination; cloudy or bloody urine; malaise,"['high fever', 'chills', 'flank  side  or back pain', 'nausea vomiting', 'painful frequent urination', 'cloudy or bloody urine', 'malaise']",high fever chills flank  side  or back pain nausea vomiting painful frequent urination cloudy or bloody urine malaise,7,False,19
Pyelonephritis (Kidney Infection),high fever; chills; flank  side  or back pain; nausea vomiting; painful frequent urination; cloudy or bloody urine; malaise,"['high fever', 'chills', 'flank  side  or back pain', 'nausea vomiting', 'painful frequent urination', 'cloudy or bloody urine', 'malaise']",high fever chills flank  side  or back pain nausea vomiting painful frequent urination cloudy or bloody urine malaise,7,True,19
Pyelonephritis (Kidney Infection),high fever; chills; flank  side  or back pain; nausea vomiting; painful frequent urination; cloudy or bloody urine; malaise,"['high fever', 'chills', 'flank  side  or back pain', 'nausea vomiting', 'painful frequent urination', 'cloudy or bloody urine', 'malaise']",high fever chills flank  side  or back pain nausea vomiting painful frequent urination cloudy or bloody urine malaise,7,True,19
Pyelonephritis (Kidney Infection),high fever; chills; flank  side  or back pain; nausea vomiting; painful frequent urination; cloudy or bloody urine; malaise,"['high fever', 'chills', 'flank  side  or back pain', 'nausea vomiting', 'painful frequent urination', 'cloudy or bloody urine', 'malaise']",high fever chills flank  side  or back pain nausea vomiting painful frequent urination cloudy or bloody urine malaise,7,True,19
Kidney Stones,sudden severe flank or abdominal pain that may radiate to groin; pain comes in waves; hematuria; nausea; vomiting; urgency frequency of urination,"['sudden severe flank or abdominal pain that may radiate to groin', 'pain comes in waves', 'hematuria', 'nausea', 'vomiting', 'urgency frequency of urination']",sudden severe flank or abdominal pain that may radiate to groin pain comes in waves hematuria nausea vomiting urgency frequency of urination,6,False,20
Kidney Stones,nausea; pain comes in waves; hematuria; urgency frequency of urination; vomiting; sudden severe flank or abdominal pain that may radiate to groin,"['nausea', 'pain comes in waves', 'hematuria', 'urgency frequency of urination', 'vomiting', 'sudden severe flank or abdominal pain that may radiate to groin']",nausea pain comes in waves hematuria urgency frequency of urination vomiting sudden severe flank or abdominal pain that may radiate to groin,6,True,20
Kidney Stones,sudden severe flank or abdominal pain that may radiate to groin; pain comes in waves; hematuria; sick to stomach; vomiting; urgency frequency of urination; abdominal pain,"['sudden severe flank or abdominal pain that may radiate to groin', 'pain comes in waves', 'hematuria', 'sick to stomach', 'vomiting', 'urgency frequency of urination', 'abdominal pain']",sudden severe flank or abdominal pain that may radiate to groin pain comes in waves hematuria sick to stomach vomiting urgency frequency of urination abdominal pain,7,True,20
Kidney Stones,pain comes in waves; nausea; hematuria; vomiting; urgency frequency of urination,"['pain comes in waves', 'nausea', 'hematuria', 'vomiting', 'urgency frequency of urination']",pain comes in waves nausea hematuria vomiting urgency frequency of urination,5,True,20
Chlamydia Infection,often asymptomatic; abnormal genital discharge; burning during urination; pelvic pain; pain during intercourse; in women can cause bleeding between periods,"['often asymptomatic', 'abnormal genital discharge', 'burning during urination', 'pelvic pain', 'pain during intercourse', 'in women can cause bleeding between periods']",often asymptomatic abnormal genital discharge burning during urination pelvic pain pain during intercourse in women can cause bleeding between periods,6,False,21
Chlamydia Infection,often asymptomatic; abnormal genital discharge; burning during urination; pelvic pain; pain during intercourse; in women can cause bleeding between periods,"['often asymptomatic', 'abnormal genital discharge', 'burning during urination', 'pelvic pain', 'pain during intercourse', 'in women can cause bleeding between periods']",often asymptomatic abnormal genital discharge burning during urination pelvic pain pain during intercourse in women can cause bleeding between periods,6,True,21
Chlamydia Infection,often asymptomatic; abnormal genital discharge; burning during urination; pelvic pain; pain during intercourse; in women can cause bleeding between periods; frequent urination,"['often asymptomatic', 'abnormal genital discharge', 'burning during urination', 'pelvic pain', 'pain during intercourse', 'in women can cause bleeding between periods', 'frequent urination']",often asymptomatic abnormal genital discharge burning during urination pelvic pain pain during intercourse in women can cause bleeding between periods frequent urination,7,True,21
Chlamydia Infection,often asymptomatic; abnormal genital discharge; burning during urination; pelvic pain; pain during intercourse; in women can cause bleeding between periods,"['often asymptomatic', 'abnormal genital discharge', 'burning during urination', 'pelvic pain', 'pain during intercourse', 'in women can cause bleeding between periods']",often asymptomatic abnormal genital discharge burning during urination pelvic pain pain during intercourse in women can cause bleeding between periods,6,True,21
Gonorrhea,genital discharge  purulent; dysuria; pelvic pain; increased vaginal bleeding; testicular pain in men; sometimes throat pain if oral exposure,"['genital discharge  purulent', 'dysuria', 'pelvic pain', 'increased vaginal bleeding', 'testicular pain in men', 'sometimes throat pain if oral exposure']",genital discharge  purulent dysuria pelvic pain increased vaginal bleeding testicular pain in men sometimes throat pain if oral exposure,6,False,22
Gonorrhea,genital discharge  purulent; dysuria; pelvic pain; increased vaginal bleeding; testicular pain in men; sometimes throat pain if oral exposure,"['genital discharge  purulent', 'dysuria', 'pelvic pain', 'increased vaginal bleeding', 'testicular pain in men', 'sometimes throat pain if oral exposure']",genital discharge  purulent dysuria pelvic pain increased vaginal bleeding testicular pain in men sometimes throat pain if oral exposure,6,True,22
Gonorrhea,genital discharge  purulent; dysuria; increased vaginal bleeding; testicular pain in men; sometimes throat pain if oral exposure,"['genital discharge  purulent', 'dysuria', 'increased vaginal bleeding', 'testicular pain in men', 'sometimes throat pain if oral exposure']",genital discharge  purulent dysuria increased vaginal bleeding testicular pain in men sometimes throat pain if oral exposure,5,True,22
Gonorrhea,genital discharge  purulent; dysuria; pelvic pain; increased vaginal bleeding; testicular pain in men; sometimes throat pain if oral exposure,"['genital discharge  purulent', 'dysuria', 'pelvic pain', 'increased vaginal bleeding', 'testicular pain in men', 'sometimes throat pain if oral exposure']",genital discharge  purulent dysuria pelvic pain increased vaginal bleeding testicular pain in men sometimes throat pain if oral exposure,6,True,22
Syphilis,primary  painless genital sore; secondary  rash  including palms soles   mucous lesions  fever  lymphadenopathy; latent tertiary  organ damage if untreated,"['primary  painless genital sore', 'secondary  rash  including palms soles   mucous lesions  fever  lymphadenopathy', 'latent tertiary  organ damage if untreated']",primary  painless genital sore secondary  rash  including palms soles   mucous lesions  fever  lymphadenopathy latent tertiary  organ damage if untreated,3,False,23
Syphilis,secondary  rash  including palms soles   mucous lesions  fever  lymphadenopathy; latent tertiary  organ damage if untreated; primary  painless genital sore,"['secondary  rash  including palms soles   mucous lesions  fever  lymphadenopathy', 'latent tertiary  organ damage if untreated', 'primary  painless genital sore']",secondary  rash  including palms soles   mucous lesions  fever  lymphadenopathy latent tertiary  organ damage if untreated primary  painless genital sore,3,True,23
Syphilis,latent tertiary  organ damage if untreated; secondary  rash  including palms soles   mucous lesions  fever  lymphadenopathy; primary  painless genital sore,"['latent tertiary  organ damage if untreated', 'secondary  rash  including palms soles   mucous lesions  fever  lymphadenopathy', 'primary  painless genital sore']",latent tertiary  organ damage if untreated secondary  rash  including palms soles   mucous lesions  fever  lymphadenopathy primary  painless genital sore,3,True,23
Syphilis,primary  painless genital sore; secondary  rash  including palms soles   mucous lesions  fever  lymphadenopathy; latent tertiary  organ damage if untreated,"['primary  painless genital sore', 'secondary  rash  including palms soles   mucous lesions  fever  lymphadenopathy', 'latent tertiary  organ damage if untreated']",primary  painless genital sore secondary  rash  including palms soles   mucous lesions  fever  lymphadenopathy latent tertiary  organ damage if untreated,3,True,23
Pelvic Inflammatory Disease (PID),lower abdominal pelvic pain; abnormal vaginal discharge; fever; painful intercourse; dysuria; irregular menstrual bleeding; infertility risk if untreated,"['lower abdominal pelvic pain', 'abnormal vaginal discharge', 'fever', 'painful intercourse', 'dysuria', 'irregular menstrual bleeding', 'infertility risk if untreated']",lower abdominal pelvic pain abnormal vaginal discharge fever painful intercourse dysuria irregular menstrual bleeding infertility risk if untreated,7,False,24
Pelvic Inflammatory Disease (PID),infertility risk if untreated; abnormal vaginal discharge; lower abdominal pelvic pain; dysuria; pyrexia; irregular menstrual bleeding; painful intercourse,"['infertility risk if untreated', 'abnormal vaginal discharge', 'lower abdominal pelvic pain', 'dysuria', 'pyrexia', 'irregular menstrual bleeding', 'painful intercourse']",infertility risk if untreated abnormal vaginal discharge lower abdominal pelvic pain dysuria pyrexia irregular menstrual bleeding painful intercourse,7,True,24
Pelvic Inflammatory Disease (PID),lower abdominal pelvic pain; painful intercourse; irregular menstrual bleeding; infertility risk if untreated; fever; abnormal vaginal discharge; dysuria,"['lower abdominal pelvic pain', 'painful intercourse', 'irregular menstrual bleeding', 'infertility risk if untreated', 'fever', 'abnormal vaginal discharge', 'dysuria']",lower abdominal pelvic pain painful intercourse irregular menstrual bleeding infertility risk if untreated fever abnormal vaginal discharge dysuria,7,True,24
Pelvic Inflammatory Disease (PID),lower abdominal pelvic pain; abnormal vaginal discharge; fever; painful intercourse; dysuria; irregular menstrual bleeding; infertility risk if untreated,"['lower abdominal pelvic pain', 'abnormal vaginal discharge', 'fever', 'painful intercourse', 'dysuria', 'irregular menstrual bleeding', 'infertility risk if untreated']",lower abdominal pelvic pain abnormal vaginal discharge fever painful intercourse dysuria irregular menstrual bleeding infertility risk if untreated,7,True,24
Vaginal Yeast Infection (Candidiasis),intense vaginal itching and irritation; thick white  cottage cheese  discharge; burning with urination; redness swelling of vulva,"['intense vaginal itching and irritation', 'thick white  cottage cheese  discharge', 'burning with urination', 'redness swelling of vulva']",intense vaginal itching and irritation thick white  cottage cheese  discharge burning with urination redness swelling of vulva,4,False,25
Vaginal Yeast Infection (Candidiasis),intense vaginal itching and irritation; thick white  cottage cheese  discharge; burning with urination; redness swelling of vulva,"['intense vaginal itching and irritation', 'thick white  cottage cheese  discharge', 'burning with urination', 'redness swelling of vulva']",intense vaginal itching and irritation thick white  cottage cheese  discharge burning with urination redness swelling of vulva,4,True,25
Vaginal Yeast Infection (Candidiasis),intense vaginal itching and irritation; thick white  cottage cheese  discharge; burning with urination; redness swelling of vulva,"['intense vaginal itching and irritation', 'thick white  cottage cheese  discharge', 'burning with urination', 'redness swelling of vulva']",intense vaginal itching and irritation thick white  cottage cheese  discharge burning with urination redness swelling of vulva,4,True,25
Vaginal Yeast Infection (Candidiasis),intense vaginal itching and irritation; thick white  cottage cheese  discharge; burning with urination; redness swelling of vulva,"['intense vaginal itching and irritation', 'thick white  cottage cheese  discharge', 'burning with urination', 'redness swelling of vulva']",intense vaginal itching and irritation thick white  cottage cheese  discharge burning with urination redness swelling of vulva,4,True,25
Bacterial Vaginosis,thin gray or white vaginal discharge; fishy odor  especially after intercourse; vaginal itching or irritation  may be mild or absent,"['thin gray or white vaginal discharge', 'fishy odor  especially after intercourse', 'vaginal itching or irritation  may be mild or absent']",thin gray or white vaginal discharge fishy odor  especially after intercourse vaginal itching or irritation  may be mild or absent,3,False,26
Bacterial Vaginosis,vaginal itching or irritation  may be mild or absent; fishy odor  especially after intercourse; thin gray or white vaginal discharge,"['vaginal itching or irritation  may be mild or absent', 'fishy odor  especially after intercourse', 'thin gray or white vaginal discharge']",vaginal itching or irritation  may be mild or absent fishy odor  especially after intercourse thin gray or white vaginal discharge,3,True,26
Bacterial Vaginosis,thin gray or white vaginal discharge; fishy odor  especially after intercourse; vaginal itching or irritation  may be mild or absent,"['thin gray or white vaginal discharge', 'fishy odor  especially after intercourse', 'vaginal itching or irritation  may be mild or absent']",thin gray or white vaginal discharge fishy odor  especially after intercourse vaginal itching or irritation  may be mild or absent,3,True,26
Bacterial Vaginosis,thin gray or white vaginal discharge; fishy odor  especially after intercourse; vaginal itching or irritation  may be mild or absent,"['thin gray or white vaginal discharge', 'fishy odor  especially after intercourse', 'vaginal itching or irritation  may be mild or absent']",thin gray or white vaginal discharge fishy odor  especially after intercourse vaginal itching or irritation  may be mild or absent,3,True,26
Ectopic Pregnancy,abdominal or pelvic pain  often one sided; vaginal bleeding or spotting; dizziness or fainting; shoulder pain  if internal bleeding; missed period,"['abdominal or pelvic pain  often one sided', 'vaginal bleeding or spotting', 'dizziness or fainting', 'shoulder pain  if internal bleeding', 'missed period']",abdominal or pelvic pain  often one sided vaginal bleeding or spotting dizziness or fainting shoulder pain  if internal bleeding missed period,5,False,27
Ectopic Pregnancy,abdominal or pelvic pain  often one sided; dizziness or fainting; missed period; vaginal bleeding or spotting; shoulder pain  if internal bleeding,"['abdominal or pelvic pain  often one sided', 'dizziness or fainting', 'missed period', 'vaginal bleeding or spotting', 'shoulder pain  if internal bleeding']",abdominal or pelvic pain  often one sided dizziness or fainting missed period vaginal bleeding or spotting shoulder pain  if internal bleeding,5,True,27
Ectopic Pregnancy,abdominal or pelvic pain  often one sided; vaginal bleeding or spotting; dizziness or fainting; shoulder pain  if internal bleeding; missed period,"['abdominal or pelvic pain  often one sided', 'vaginal bleeding or spotting', 'dizziness or fainting', 'shoulder pain  if internal bleeding', 'missed period']",abdominal or pelvic pain  often one sided vaginal bleeding or spotting dizziness or fainting shoulder pain  if internal bleeding missed period,5,True,27
Ectopic Pregnancy,abdominal or pelvic pain  often one sided; vaginal bleeding or spotting; dizziness or fainting; shoulder pain  if internal bleeding; missed period,"['abdominal or pelvic pain  often one sided', 'vaginal bleeding or spotting', 'dizziness or fainting', 'shoulder pain  if internal bleeding', 'missed period']",abdominal or pelvic pain  often one sided vaginal bleeding or spotting dizziness or fainting shoulder pain  if internal bleeding missed period,5,True,27
Miscarriage (Spontaneous Abortion),vaginal bleeding or spotting; cramping abdominal pain; passage of tissue or fluid; decreased pregnancy symptoms; backache,"['vaginal bleeding or spotting', 'cramping abdominal pain', 'passage of tissue or fluid', 'decreased pregnancy symptoms', 'backache']",vaginal bleeding or spotting cramping abdominal pain passage of tissue or fluid decreased pregnancy symptoms backache,5,False,28
Miscarriage (Spontaneous Abortion),vaginal bleeding or spotting; cramping abdominal pain; passage of tissue or fluid; decreased pregnancy symptoms; backache,"['vaginal bleeding or spotting', 'cramping abdominal pain', 'passage of tissue or fluid', 'decreased pregnancy symptoms', 'backache']",vaginal bleeding or spotting cramping abdominal pain passage of tissue or fluid decreased pregnancy symptoms backache,5,True,28
Miscarriage (Spontaneous Abortion),vaginal bleeding or spotting; backache; passage of tissue or fluid; decreased pregnancy symptoms; cramping abdominal pain,"['vaginal bleeding or spotting', 'backache', 'passage of tissue or fluid', 'decreased pregnancy symptoms', 'cramping abdominal pain']",vaginal bleeding or spotting backache passage of tissue or fluid decreased pregnancy symptoms cramping abdominal pain,5,True,28
Miscarriage (Spontaneous Abortion),vaginal bleeding or spotting; cramping abdominal pain; passage of tissue or fluid; decreased pregnancy symptoms; backache,"['vaginal bleeding or spotting', 'cramping abdominal pain', 'passage of tissue or fluid', 'decreased pregnancy symptoms', 'backache']",vaginal bleeding or spotting cramping abdominal pain passage of tissue or fluid decreased pregnancy symptoms backache,5,True,28
Endometriosis,chronic pelvic pain  often worse with menstruation; painful intercourse; heavy or irregular periods; infertility; painful bowel or urination during periods,"['chronic pelvic pain  often worse with menstruation', 'painful intercourse', 'heavy or irregular periods', 'infertility', 'painful bowel or urination during periods']",chronic pelvic pain  often worse with menstruation painful intercourse heavy or irregular periods infertility painful bowel or urination during periods,5,False,29
Endometriosis,painful bowel or urination during periods; chronic pelvic pain  often worse with menstruation; painful intercourse; infertility; heavy or irregular periods,"['painful bowel or urination during periods', 'chronic pelvic pain  often worse with menstruation', 'painful intercourse', 'infertility', 'heavy or irregular periods']",painful bowel or urination during periods chronic pelvic pain  often worse with menstruation painful intercourse infertility heavy or irregular periods,5,True,29
Endometriosis,chronic pelvic pain  often worse with menstruation; painful intercourse; heavy or irregular periods; infertility; painful bowel or urination during periods,"['chronic pelvic pain  often worse with menstruation', 'painful intercourse', 'heavy or irregular periods', 'infertility', 'painful bowel or urination during periods']",chronic pelvic pain  often worse with menstruation painful intercourse heavy or irregular periods infertility painful bowel or urination during periods,5,True,29
Endometriosis,chronic pelvic pain  often worse with menstruation; painful intercourse; heavy or irregular periods; infertility; painful bowel or urination during periods,"['chronic pelvic pain  often worse with menstruation', 'painful intercourse', 'heavy or irregular periods', 'infertility', 'painful bowel or urination during periods']",chronic pelvic pain  often worse with menstruation painful intercourse heavy or irregular periods infertility painful bowel or urination during periods,5,True,29
Uterine Fibroids,heavy or prolonged menstrual bleeding; pelvic pressure or pain; frequent urination; constipation; lower back pain; enlargement of abdomen in large fibroids,"['heavy or prolonged menstrual bleeding', 'pelvic pressure or pain', 'frequent urination', 'constipation', 'lower back pain', 'enlargement of abdomen in large fibroids']",heavy or prolonged menstrual bleeding pelvic pressure or pain frequent urination constipation lower back pain enlargement of abdomen in large fibroids,6,False,30
Uterine Fibroids,heavy or prolonged menstrual bleeding; pelvic pressure or pain; frequent urination; infrequent bowel movements; lower back pain; enlargement of abdomen in large fibroids,"['heavy or prolonged menstrual bleeding', 'pelvic pressure or pain', 'frequent urination', 'infrequent bowel movements', 'lower back pain', 'enlargement of abdomen in large fibroids']",heavy or prolonged menstrual bleeding pelvic pressure or pain frequent urination infrequent bowel movements lower back pain enlargement of abdomen in large fibroids,6,True,30
Uterine Fibroids,pelvic pressure or pain; heavy or prolonged menstrual bleeding; lower back pain; frequent urination; constipation; enlargement of abdomen in large fibroids,"['pelvic pressure or pain', 'heavy or prolonged menstrual bleeding', 'lower back pain', 'frequent urination', 'constipation', 'enlargement of abdomen in large fibroids']",pelvic pressure or pain heavy or prolonged menstrual bleeding lower back pain frequent urination constipation enlargement of abdomen in large fibroids,6,True,30
Uterine Fibroids,pelvic pressure or pain; constipation; lower back pain; enlargement of abdomen in large fibroids; frequent urination; heavy or prolonged menstrual bleeding,"['pelvic pressure or pain', 'constipation', 'lower back pain', 'enlargement of abdomen in large fibroids', 'frequent urination', 'heavy or prolonged menstrual bleeding']",pelvic pressure or pain constipation lower back pain enlargement of abdomen in large fibroids frequent urination heavy or prolonged menstrual bleeding,6,True,30
Endometritis,pelvic pain; abnormal vaginal discharge; fever; painful intercourse; bleeding after intercourse; abnormal uterine bleeding,"['pelvic pain', 'abnormal vaginal discharge', 'fever', 'painful intercourse', 'bleeding after intercourse', 'abnormal uterine bleeding']",pelvic pain abnormal vaginal discharge fever painful intercourse bleeding after intercourse abnormal uterine bleeding,6,False,31
Endometritis,pelvic pain; abnormal vaginal discharge; high temperature; painful intercourse; bleeding after intercourse; abnormal uterine bleeding,"['pelvic pain', 'abnormal vaginal discharge', 'high temperature', 'painful intercourse', 'bleeding after intercourse', 'abnormal uterine bleeding']",pelvic pain abnormal vaginal discharge high temperature painful intercourse bleeding after intercourse abnormal uterine bleeding,6,True,31
Endometritis,pelvic pain; abnormal vaginal discharge; fever; painful intercourse; bleeding after intercourse; abnormal uterine bleeding; blood in urine,"['pelvic pain', 'abnormal vaginal discharge', 'fever', 'painful intercourse', 'bleeding after intercourse', 'abnormal uterine bleeding', 'blood in urine']",pelvic pain abnormal vaginal discharge fever painful intercourse bleeding after intercourse abnormal uterine bleeding blood in urine,7,True,31
Endometritis,pelvic pain; abnormal vaginal discharge; fever; bleeding after intercourse; abnormal uterine bleeding; blood in urine,"['pelvic pain', 'abnormal vaginal discharge', 'fever', 'bleeding after intercourse', 'abnormal uterine bleeding', 'blood in urine']",pelvic pain abnormal vaginal discharge fever bleeding after intercourse abnormal uterine bleeding blood in urine,6,True,31
Iron Deficiency Anemia,fatigue; weakness; pale skin; shortness of breath on exertion; dizziness; cold hands feet; brittle nails; pica  craving non food items,"['fatigue', 'weakness', 'pale skin', 'shortness of breath on exertion', 'dizziness', 'cold hands feet', 'brittle nails', 'pica  craving non food items']",fatigue weakness pale skin shortness of breath on exertion dizziness cold hands feet brittle nails pica  craving non food items,8,False,32
Iron Deficiency Anemia,weakness; weakness; pale skin; shortness of breath on exertion; dizziness; cold hands feet; brittle nails; pica  craving non food items,"['weakness', 'weakness', 'pale skin', 'shortness of breath on exertion', 'dizziness', 'cold hands feet', 'brittle nails', 'pica  craving non food items']",weakness weakness pale skin shortness of breath on exertion dizziness cold hands feet brittle nails pica  craving non food items,8,True,32
Iron Deficiency Anemia,pica  craving non food items; shortness of breath on exertion; brittle nails; pale skin; cold hands feet; dizziness; weakness; fatigue,"['pica  craving non food items', 'shortness of breath on exertion', 'brittle nails', 'pale skin', 'cold hands feet', 'dizziness', 'weakness', 'fatigue']",pica  craving non food items shortness of breath on exertion brittle nails pale skin cold hands feet dizziness weakness fatigue,8,True,32
Iron Deficiency Anemia,fatigue; weakness; pale skin; shortness of breath on exertion; dizziness; cold hands feet; brittle nails; pica  craving non food items,"['fatigue', 'weakness', 'pale skin', 'shortness of breath on exertion', 'dizziness', 'cold hands feet', 'brittle nails', 'pica  craving non food items']",fatigue weakness pale skin shortness of breath on exertion dizziness cold hands feet brittle nails pica  craving non food items,8,True,32
Type 2 Diabetes Mellitus,increased thirst; frequent urination; unexplained weight loss or gain; fatigue; blurred vision; slow wound healing; recurrent infections,"['increased thirst', 'frequent urination', 'unexplained weight loss or gain', 'fatigue', 'blurred vision', 'slow wound healing', 'recurrent infections']",increased thirst frequent urination unexplained weight loss or gain fatigue blurred vision slow wound healing recurrent infections,7,False,33
Type 2 Diabetes Mellitus,blurred vision; slow wound healing; painful urination; increased thirst; frequent urination; unexplained weight loss or gain; fatigue; recurrent infections,"['blurred vision', 'slow wound healing', 'painful urination', 'increased thirst', 'frequent urination', 'unexplained weight loss or gain', 'fatigue', 'recurrent infections']",blurred vision slow wound healing painful urination increased thirst frequent urination unexplained weight loss or gain fatigue recurrent infections,8,True,33
Type 2 Diabetes Mellitus,increased thirst; frequent urination; unexplained weight loss or gain; fatigue; blurred vision; slow wound healing; recurrent infections,"['increased thirst', 'frequent urination', 'unexplained weight loss or gain', 'fatigue', 'blurred vision', 'slow wound healing', 'recurrent infections']",increased thirst frequent urination unexplained weight loss or gain fatigue blurred vision slow wound healing recurrent infections,7,True,33
Type 2 Diabetes Mellitus,blurred vision; unexplained weight loss or gain; recurrent infections; rapid heartbeat; frequent urination; slow wound healing; fatigue; increased thirst,"['blurred vision', 'unexplained weight loss or gain', 'recurrent infections', 'rapid heartbeat', 'frequent urination', 'slow wound healing', 'fatigue', 'increased thirst']",blurred vision unexplained weight loss or gain recurrent infections rapid heartbeat frequent urination slow wound healing fatigue increased thirst,8,True,33
Hypothyroidism,fatigue; weight gain; cold intolerance; constipation; dry skin; hair loss; slowed heart rate; menstrual irregularities,"['fatigue', 'weight gain', 'cold intolerance', 'constipation', 'dry skin', 'hair loss', 'slowed heart rate', 'menstrual irregularities']",fatigue weight gain cold intolerance constipation dry skin hair loss slowed heart rate menstrual irregularities,8,False,34
Hypothyroidism,exhaustion; constipation; menstrual irregularities; dry skin; cold intolerance; weight gain; hair loss; slowed heart rate,"['exhaustion', 'constipation', 'menstrual irregularities', 'dry skin', 'cold intolerance', 'weight gain', 'hair loss', 'slowed heart rate']",exhaustion constipation menstrual irregularities dry skin cold intolerance weight gain hair loss slowed heart rate,8,True,34
Hypothyroidism,tiredness; weight gain; cold intolerance; hard stools; dry skin; hair loss; slowed heart rate; menstrual irregularities,"['tiredness', 'weight gain', 'cold intolerance', 'hard stools', 'dry skin', 'hair loss', 'slowed heart rate', 'menstrual irregularities']",tiredness weight gain cold intolerance hard stools dry skin hair loss slowed heart rate menstrual irregularities,8,True,34
Hypothyroidism,fatigue; weight gain; difficulty passing stool; dry skin; hair loss; slowed heart rate; menstrual irregularities,"['fatigue', 'weight gain', 'difficulty passing stool', 'dry skin', 'hair loss', 'slowed heart rate', 'menstrual irregularities']",fatigue weight gain difficulty passing stool dry skin hair loss slowed heart rate menstrual irregularities,7,True,34
Hyperthyroidism,unintended weight loss; heat intolerance; palpitations; tremor; anxiety; increased sweating; frequent bowel movements; irritability,"['unintended weight loss', 'heat intolerance', 'palpitations', 'tremor', 'anxiety', 'increased sweating', 'frequent bowel movements', 'irritability']",unintended weight loss heat intolerance palpitations tremor anxiety increased sweating frequent bowel movements irritability,8,False,35
Hyperthyroidism,unintended weight loss; heat intolerance; palpitations; tremor; anxiety; increased sweating; frequent bowel movements; irritability,"['unintended weight loss', 'heat intolerance', 'palpitations', 'tremor', 'anxiety', 'increased sweating', 'frequent bowel movements', 'irritability']",unintended weight loss heat intolerance palpitations tremor anxiety increased sweating frequent bowel movements irritability,8,True,35
Hyperthyroidism,unintended weight loss; heat intolerance; palpitations; tremor; anxiety; increased sweating; frequent bowel movements; irritability; swelling in legs,"['unintended weight loss', 'heat intolerance', 'palpitations', 'tremor', 'anxiety', 'increased sweating', 'frequent bowel movements', 'irritability', 'swelling in legs']",unintended weight loss heat intolerance palpitations tremor anxiety increased sweating frequent bowel movements irritability swelling in legs,9,True,35
Hyperthyroidism,unintended weight loss; heat intolerance; palpitations; tremor; anxiety; increased sweating; frequent bowel movements; irritability; swelling in legs,"['unintended weight loss', 'heat intolerance', 'palpitations', 'tremor', 'anxiety', 'increased sweating', 'frequent bowel movements', 'irritability', 'swelling in legs']",unintended weight loss heat intolerance palpitations tremor anxiety increased sweating frequent bowel movements irritability swelling in legs,9,True,35
Hypertension (High Blood Pressure),often asymptomatic; headaches  esp  with severe hypertension; dizziness; nosebleeds  rare; shortness of breath if advanced,"['often asymptomatic', 'headaches  esp  with severe hypertension', 'dizziness', 'nosebleeds  rare', 'shortness of breath if advanced']",often asymptomatic headaches  esp  with severe hypertension dizziness nosebleeds  rare shortness of breath if advanced,5,False,36
Hypertension (High Blood Pressure),often asymptomatic; headaches  esp  with severe hypertension; dizziness; shortness of breath if advanced,"['often asymptomatic', 'headaches  esp  with severe hypertension', 'dizziness', 'shortness of breath if advanced']",often asymptomatic headaches  esp  with severe hypertension dizziness shortness of breath if advanced,4,True,36
Hypertension (High Blood Pressure),often asymptomatic; headaches  esp  with severe hypertension; feeling faint; nosebleeds  rare; shortness of breath if advanced,"['often asymptomatic', 'headaches  esp  with severe hypertension', 'feeling faint', 'nosebleeds  rare', 'shortness of breath if advanced']",often asymptomatic headaches  esp  with severe hypertension feeling faint nosebleeds  rare shortness of breath if advanced,5,True,36
Hypertension (High Blood Pressure),often asymptomatic; headaches  esp  with severe hypertension; dizziness; nosebleeds  rare; shortness of breath if advanced; seizures,"['often asymptomatic', 'headaches  esp  with severe hypertension', 'dizziness', 'nosebleeds  rare', 'shortness of breath if advanced', 'seizures']",often asymptomatic headaches  esp  with severe hypertension dizziness nosebleeds  rare shortness of breath if advanced seizures,6,True,36
Coronary Artery Disease (Angina),chest pain pressure or discomfort with exertion; shortness of breath; fatigue; pain may radiate to jaw arm back; relieved by rest or nitroglycerin,"['chest pain pressure or discomfort with exertion', 'shortness of breath', 'fatigue', 'pain may radiate to jaw arm back', 'relieved by rest or nitroglycerin']",chest pain pressure or discomfort with exertion shortness of breath fatigue pain may radiate to jaw arm back relieved by rest or nitroglycerin,5,False,37
Coronary Artery Disease (Angina),chest pain pressure or discomfort with exertion; difficulty breathing; fatigue; pain may radiate to jaw arm back; relieved by rest or nitroglycerin,"['chest pain pressure or discomfort with exertion', 'difficulty breathing', 'fatigue', 'pain may radiate to jaw arm back', 'relieved by rest or nitroglycerin']",chest pain pressure or discomfort with exertion difficulty breathing fatigue pain may radiate to jaw arm back relieved by rest or nitroglycerin,5,True,37
Coronary Artery Disease (Angina),chest pain pressure or discomfort with exertion; shortness of breath; lethargy; pain may radiate to jaw arm back; relieved by rest or nitroglycerin,"['chest pain pressure or discomfort with exertion', 'shortness of breath', 'lethargy', 'pain may radiate to jaw arm back', 'relieved by rest or nitroglycerin']",chest pain pressure or discomfort with exertion shortness of breath lethargy pain may radiate to jaw arm back relieved by rest or nitroglycerin,5,True,37
Coronary Artery Disease (Angina),chest pain pressure or discomfort with exertion; shortness of breath; fatigue; pain may radiate to jaw arm back; relieved by rest or nitroglycerin; wheezing,"['chest pain pressure or discomfort with exertion', 'shortness of breath', 'fatigue', 'pain may radiate to jaw arm back', 'relieved by rest or nitroglycerin', 'wheezing']",chest pain pressure or discomfort with exertion shortness of breath fatigue pain may radiate to jaw arm back relieved by rest or nitroglycerin wheezing,6,True,37
Myocardial Infarction (Heart Attack),severe chest pain pressure; pain radiating to jaw neck left arm; shortness of breath; sweating; nausea; lightheadedness; sudden weakness,"['severe chest pain pressure', 'pain radiating to jaw neck left arm', 'shortness of breath', 'sweating', 'nausea', 'lightheadedness', 'sudden weakness']",severe chest pain pressure pain radiating to jaw neck left arm shortness of breath sweating nausea lightheadedness sudden weakness,7,False,38
Myocardial Infarction (Heart Attack),wheezing; sweating; severe chest pain pressure; pain radiating to jaw neck left arm; shortness of breath; lightheadedness; sick to stomach; sudden weakness,"['wheezing', 'sweating', 'severe chest pain pressure', 'pain radiating to jaw neck left arm', 'shortness of breath', 'lightheadedness', 'sick to stomach', 'sudden weakness']",wheezing sweating severe chest pain pressure pain radiating to jaw neck left arm shortness of breath lightheadedness sick to stomach sudden weakness,8,True,38
Myocardial Infarction (Heart Attack),severe chest pain pressure; shortness of breath; sweating; nausea; lightheadedness; sudden weakness,"['severe chest pain pressure', 'shortness of breath', 'sweating', 'nausea', 'lightheadedness', 'sudden weakness']",severe chest pain pressure shortness of breath sweating nausea lightheadedness sudden weakness,6,True,38
Myocardial Infarction (Heart Attack),severe chest pain pressure; pain radiating to jaw neck left arm; shortness of breath; sweating; nausea; lightheadedness; sudden weakness; constipation,"['severe chest pain pressure', 'pain radiating to jaw neck left arm', 'shortness of breath', 'sweating', 'nausea', 'lightheadedness', 'sudden weakness', 'constipation']",severe chest pain pressure pain radiating to jaw neck left arm shortness of breath sweating nausea lightheadedness sudden weakness constipation,8,True,38
Stroke (Ischemic or Hemorrhagic),sudden weakness or numbness  face arm leg  usually one side; slurred speech; sudden vision trouble; severe headache  esp  hemorrhagic; imbalance; confusion,"['sudden weakness or numbness  face arm leg  usually one side', 'slurred speech', 'sudden vision trouble', 'severe headache  esp  hemorrhagic', 'imbalance', 'confusion']",sudden weakness or numbness  face arm leg  usually one side slurred speech sudden vision trouble severe headache  esp  hemorrhagic imbalance confusion,6,False,39
Stroke (Ischemic or Hemorrhagic),severe headache  esp  hemorrhagic; imbalance; sudden vision trouble; sudden weakness or numbness  face arm leg  usually one side; confusion; slurred speech,"['severe headache  esp  hemorrhagic', 'imbalance', 'sudden vision trouble', 'sudden weakness or numbness  face arm leg  usually one side', 'confusion', 'slurred speech']",severe headache  esp  hemorrhagic imbalance sudden vision trouble sudden weakness or numbness  face arm leg  usually one side confusion slurred speech,6,True,39
Stroke (Ischemic or Hemorrhagic),sudden weakness or numbness  face arm leg  usually one side; slurred speech; sudden vision trouble; severe headache  esp  hemorrhagic; imbalance; confusion,"['sudden weakness or numbness  face arm leg  usually one side', 'slurred speech', 'sudden vision trouble', 'severe headache  esp  hemorrhagic', 'imbalance', 'confusion']",sudden weakness or numbness  face arm leg  usually one side slurred speech sudden vision trouble severe headache  esp  hemorrhagic imbalance confusion,6,True,39
Stroke (Ischemic or Hemorrhagic),sudden weakness or numbness  face arm leg  usually one side; slurred speech; sudden vision trouble; severe headache  esp  hemorrhagic; imbalance; confusion,"['sudden weakness or numbness  face arm leg  usually one side', 'slurred speech', 'sudden vision trouble', 'severe headache  esp  hemorrhagic', 'imbalance', 'confusion']",sudden weakness or numbness  face arm leg  usually one side slurred speech sudden vision trouble severe headache  esp  hemorrhagic imbalance confusion,6,True,39
Migraine,moderate to severe pulsating headache often on one side; nausea vomiting; sensitivity to light and sound; visual aura in some patients; worsened by activity,"['moderate to severe pulsating headache often on one side', 'nausea vomiting', 'sensitivity to light and sound', 'visual aura in some patients', 'worsened by activity']",moderate to severe pulsating headache often on one side nausea vomiting sensitivity to light and sound visual aura in some patients worsened by activity,5,False,40
Migraine,nausea vomiting; moderate to severe pulsating headache often on one side; visual aura in some patients; sensitivity to light and sound; worsened by activity,"['nausea vomiting', 'moderate to severe pulsating headache often on one side', 'visual aura in some patients', 'sensitivity to light and sound', 'worsened by activity']",nausea vomiting moderate to severe pulsating headache often on one side visual aura in some patients sensitivity to light and sound worsened by activity,5,True,40
Migraine,visual aura in some patients; moderate to severe pulsating headache often on one side; sensitivity to light and sound; nausea vomiting; worsened by activity,"['visual aura in some patients', 'moderate to severe pulsating headache often on one side', 'sensitivity to light and sound', 'nausea vomiting', 'worsened by activity']",visual aura in some patients moderate to severe pulsating headache often on one side sensitivity to light and sound nausea vomiting worsened by activity,5,True,40
Migraine,moderate to severe pulsating headache often on one side; nausea vomiting; sensitivity to light and sound; visual aura in some patients; worsened by activity,"['moderate to severe pulsating headache often on one side', 'nausea vomiting', 'sensitivity to light and sound', 'visual aura in some patients', 'worsened by activity']",moderate to severe pulsating headache often on one side nausea vomiting sensitivity to light and sound visual aura in some patients worsened by activity,5,True,40
Tension Headache,dull  aching head pain; tightness or pressure across forehead or back of head neck; mild to moderate intensity; not worsened by physical activity,"['dull  aching head pain', 'tightness or pressure across forehead or back of head neck', 'mild to moderate intensity', 'not worsened by physical activity']",dull  aching head pain tightness or pressure across forehead or back of head neck mild to moderate intensity not worsened by physical activity,4,False,41
Tension Headache,dull  aching head pain; tightness or pressure across forehead or back of head neck; mild to moderate intensity; not worsened by physical activity,"['dull  aching head pain', 'tightness or pressure across forehead or back of head neck', 'mild to moderate intensity', 'not worsened by physical activity']",dull  aching head pain tightness or pressure across forehead or back of head neck mild to moderate intensity not worsened by physical activity,4,True,41
Tension Headache,dull  aching head pain; tightness or pressure across forehead or back of head neck; mild to moderate intensity; not worsened by physical activity,"['dull  aching head pain', 'tightness or pressure across forehead or back of head neck', 'mild to moderate intensity', 'not worsened by physical activity']",dull  aching head pain tightness or pressure across forehead or back of head neck mild to moderate intensity not worsened by physical activity,4,True,41
Tension Headache,dull  aching head pain; tightness or pressure across forehead or back of head neck; mild to moderate intensity; not worsened by physical activity,"['dull  aching head pain', 'tightness or pressure across forehead or back of head neck', 'mild to moderate intensity', 'not worsened by physical activity']",dull  aching head pain tightness or pressure across forehead or back of head neck mild to moderate intensity not worsened by physical activity,4,True,41
Major Depressive Disorder,persistent low mood; loss of interest or pleasure; changes in appetite or weight; sleep disturbances; fatigue; difficulty concentrating; suicidal thoughts,"['persistent low mood', 'loss of interest or pleasure', 'changes in appetite or weight', 'sleep disturbances', 'fatigue', 'difficulty concentrating', 'suicidal thoughts']",persistent low mood loss of interest or pleasure changes in appetite or weight sleep disturbances fatigue difficulty concentrating suicidal thoughts,7,False,42
Major Depressive Disorder,persistent low mood; loss of interest or pleasure; changes in appetite or weight; sleep disturbances; fatigue; difficulty concentrating; suicidal thoughts; dizziness,"['persistent low mood', 'loss of interest or pleasure', 'changes in appetite or weight', 'sleep disturbances', 'fatigue', 'difficulty concentrating', 'suicidal thoughts', 'dizziness']",persistent low mood loss of interest or pleasure changes in appetite or weight sleep disturbances fatigue difficulty concentrating suicidal thoughts dizziness,8,True,42
Major Depressive Disorder,persistent low mood; loss of interest or pleasure; changes in appetite or weight; sleep disturbances; tiredness; difficulty concentrating; suicidal thoughts,"['persistent low mood', 'loss of interest or pleasure', 'changes in appetite or weight', 'sleep disturbances', 'tiredness', 'difficulty concentrating', 'suicidal thoughts']",persistent low mood loss of interest or pleasure changes in appetite or weight sleep disturbances tiredness difficulty concentrating suicidal thoughts,7,True,42
Major Depressive Disorder,sleep disturbances; difficulty concentrating; memory problems; weakness; suicidal thoughts; loss of interest or pleasure; persistent low mood,"['sleep disturbances', 'difficulty concentrating', 'memory problems', 'weakness', 'suicidal thoughts', 'loss of interest or pleasure', 'persistent low mood']",sleep disturbances difficulty concentrating memory problems weakness suicidal thoughts loss of interest or pleasure persistent low mood,7,True,42
Generalized Anxiety Disorder (GAD),excessive worry; restlessness; fatigue; difficulty concentrating; muscle tension; sleep disturbance; irritability,"['excessive worry', 'restlessness', 'fatigue', 'difficulty concentrating', 'muscle tension', 'sleep disturbance', 'irritability']",excessive worry restlessness fatigue difficulty concentrating muscle tension sleep disturbance irritability,7,False,43
Generalized Anxiety Disorder (GAD),excessive worry; restlessness; fatigue; difficulty concentrating; muscle tension; sleep disturbance; irritability,"['excessive worry', 'restlessness', 'fatigue', 'difficulty concentrating', 'muscle tension', 'sleep disturbance', 'irritability']",excessive worry restlessness fatigue difficulty concentrating muscle tension sleep disturbance irritability,7,True,43
Generalized Anxiety Disorder (GAD),difficulty concentrating; fatigue; irritability; headache; excessive worry; sleep disturbance; muscle tension; restlessness,"['difficulty concentrating', 'fatigue', 'irritability', 'headache', 'excessive worry', 'sleep disturbance', 'muscle tension', 'restlessness']",difficulty concentrating fatigue irritability headache excessive worry sleep disturbance muscle tension restlessness,8,True,43
Generalized Anxiety Disorder (GAD),excessive worry; restlessness; fatigue; difficulty concentrating; muscle tension; sleep disturbance; irritability; rapid heartbeat,"['excessive worry', 'restlessness', 'fatigue', 'difficulty concentrating', 'muscle tension', 'sleep disturbance', 'irritability', 'rapid heartbeat']",excessive worry restlessness fatigue difficulty concentrating muscle tension sleep disturbance irritability rapid heartbeat,8,True,43
Rheumatoid Arthritis,symmetric joint pain  swelling and stiffness  worse in morning; fatigue; prolonged morning stiffness; small joint involvement  hands  feet,"['symmetric joint pain  swelling and stiffness  worse in morning', 'fatigue', 'prolonged morning stiffness', 'small joint involvement  hands  feet']",symmetric joint pain  swelling and stiffness  worse in morning fatigue prolonged morning stiffness small joint involvement  hands  feet,4,False,44
Rheumatoid Arthritis,symmetric joint pain  swelling and stiffness  worse in morning; weight changes; prolonged morning stiffness; small joint involvement  hands  feet; weakness,"['symmetric joint pain  swelling and stiffness  worse in morning', 'weight changes', 'prolonged morning stiffness', 'small joint involvement  hands  feet', 'weakness']",symmetric joint pain  swelling and stiffness  worse in morning weight changes prolonged morning stiffness small joint involvement  hands  feet weakness,5,True,44
Rheumatoid Arthritis,symmetric joint pain  swelling and stiffness  worse in morning; prolonged morning stiffness; small joint involvement  hands  feet,"['symmetric joint pain  swelling and stiffness  worse in morning', 'prolonged morning stiffness', 'small joint involvement  hands  feet']",symmetric joint pain  swelling and stiffness  worse in morning prolonged morning stiffness small joint involvement  hands  feet,3,True,44
Rheumatoid Arthritis,symmetric joint pain  swelling and stiffness  worse in morning; fatigue; prolonged morning stiffness; small joint involvement  hands  feet,"['symmetric joint pain  swelling and stiffness  worse in morning', 'fatigue', 'prolonged morning stiffness', 'small joint involvement  hands  feet']",symmetric joint pain  swelling and stiffness  worse in morning fatigue prolonged morning stiffness small joint involvement  hands  feet,4,True,44
Osteoarthritis,joint pain worsened with use; stiffness  especially after rest; decreased range of motion; crepitus; commonly affects knees  hips  hands  spine,"['joint pain worsened with use', 'stiffness  especially after rest', 'decreased range of motion', 'crepitus', 'commonly affects knees  hips  hands  spine']",joint pain worsened with use stiffness  especially after rest decreased range of motion crepitus commonly affects knees  hips  hands  spine,5,False,45
Osteoarthritis,decreased range of motion; commonly affects knees  hips  hands  spine; crepitus; joint pain worsened with use; stiffness  especially after rest,"['decreased range of motion', 'commonly affects knees  hips  hands  spine', 'crepitus', 'joint pain worsened with use', 'stiffness  especially after rest']",decreased range of motion commonly affects knees  hips  hands  spine crepitus joint pain worsened with use stiffness  especially after rest,5,True,45
Osteoarthritis,stiffness  especially after rest; decreased range of motion; crepitus; commonly affects knees  hips  hands  spine,"['stiffness  especially after rest', 'decreased range of motion', 'crepitus', 'commonly affects knees  hips  hands  spine']",stiffness  especially after rest decreased range of motion crepitus commonly affects knees  hips  hands  spine,4,True,45
Osteoarthritis,joint pain worsened with use; stiffness  especially after rest; decreased range of motion; crepitus; commonly affects knees  hips  hands  spine,"['joint pain worsened with use', 'stiffness  especially after rest', 'decreased range of motion', 'crepitus', 'commonly affects knees  hips  hands  spine']",joint pain worsened with use stiffness  especially after rest decreased range of motion crepitus commonly affects knees  hips  hands  spine,5,True,45
Systemic Lupus Erythematosus (Lupus),fatigue; joint pain and swelling; butterfly rash on face; photosensitivity; fever; mouth ulcers; kidney involvement; chest pain from pleurisy,"['fatigue', 'joint pain and swelling', 'butterfly rash on face', 'photosensitivity', 'fever', 'mouth ulcers', 'kidney involvement', 'chest pain from pleurisy']",fatigue joint pain and swelling butterfly rash on face photosensitivity fever mouth ulcers kidney involvement chest pain from pleurisy,8,False,46
Systemic Lupus Erythematosus (Lupus),fatigue; joint pain and swelling; butterfly rash on face; photosensitivity; fever; mouth ulcers; chest pain from pleurisy,"['fatigue', 'joint pain and swelling', 'butterfly rash on face', 'photosensitivity', 'fever', 'mouth ulcers', 'chest pain from pleurisy']",fatigue joint pain and swelling butterfly rash on face photosensitivity fever mouth ulcers chest pain from pleurisy,7,True,46
Systemic Lupus Erythematosus (Lupus),tiredness; joint pain and swelling; photosensitivity; fever; mouth ulcers; kidney involvement; chest pain from pleurisy,"['tiredness', 'joint pain and swelling', 'photosensitivity', 'fever', 'mouth ulcers', 'kidney involvement', 'chest pain from pleurisy']",tiredness joint pain and swelling photosensitivity fever mouth ulcers kidney involvement chest pain from pleurisy,7,True,46
Systemic Lupus Erythematosus (Lupus),weight changes; photosensitivity; chest pain from pleurisy; mouth ulcers; fatigue; pyrexia; joint pain and swelling; kidney involvement; butterfly rash on face,"['weight changes', 'photosensitivity', 'chest pain from pleurisy', 'mouth ulcers', 'fatigue', 'pyrexia', 'joint pain and swelling', 'kidney involvement', 'butterfly rash on face']",weight changes photosensitivity chest pain from pleurisy mouth ulcers fatigue pyrexia joint pain and swelling kidney involvement butterfly rash on face,9,True,46
Osteoporosis,often asymptomatic until fracture; back pain from vertebral fractures; loss of height; stooped posture; increased risk of wrist hip vertebral fractures,"['often asymptomatic until fracture', 'back pain from vertebral fractures', 'loss of height', 'stooped posture', 'increased risk of wrist hip vertebral fractures']",often asymptomatic until fracture back pain from vertebral fractures loss of height stooped posture increased risk of wrist hip vertebral fractures,5,False,47
Osteoporosis,often asymptomatic until fracture; back pain from vertebral fractures; loss of height; stooped posture; increased risk of wrist hip vertebral fractures,"['often asymptomatic until fracture', 'back pain from vertebral fractures', 'loss of height', 'stooped posture', 'increased risk of wrist hip vertebral fractures']",often asymptomatic until fracture back pain from vertebral fractures loss of height stooped posture increased risk of wrist hip vertebral fractures,5,True,47
Osteoporosis,often asymptomatic until fracture; back pain from vertebral fractures; loss of height; increased risk of wrist hip vertebral fractures,"['often asymptomatic until fracture', 'back pain from vertebral fractures', 'loss of height', 'increased risk of wrist hip vertebral fractures']",often asymptomatic until fracture back pain from vertebral fractures loss of height increased risk of wrist hip vertebral fractures,4,True,47
Osteoporosis,stooped posture; loss of height; back pain from vertebral fractures; often asymptomatic until fracture; increased risk of wrist hip vertebral fractures,"['stooped posture', 'loss of height', 'back pain from vertebral fractures', 'often asymptomatic until fracture', 'increased risk of wrist hip vertebral fractures']",stooped posture loss of height back pain from vertebral fractures often asymptomatic until fracture increased risk of wrist hip vertebral fractures,5,True,47
Chronic Kidney Disease (CKD),fatigue; swelling  edema  in legs ankles; decreased urine output or changes in urination; nausea; loss of appetite; itching; electrolyte imbalances,"['fatigue', 'swelling  edema  in legs ankles', 'decreased urine output or changes in urination', 'nausea', 'loss of appetite', 'itching', 'electrolyte imbalances']",fatigue swelling  edema  in legs ankles decreased urine output or changes in urination nausea loss of appetite itching electrolyte imbalances,7,False,48
Chronic Kidney Disease (CKD),fatigue; swelling  edema  in legs ankles; decreased urine output or changes in urination; feeling sick; poor appetite; itching; electrolyte imbalances; swelling in legs,"['fatigue', 'swelling  edema  in legs ankles', 'decreased urine output or changes in urination', 'feeling sick', 'poor appetite', 'itching', 'electrolyte imbalances', 'swelling in legs']",fatigue swelling  edema  in legs ankles decreased urine output or changes in urination feeling sick poor appetite itching electrolyte imbalances swelling in legs,8,True,48
Chronic Kidney Disease (CKD),weakness; swelling  edema  in legs ankles; decreased urine output or changes in urination; feeling sick; anorexia; itching; electrolyte imbalances,"['weakness', 'swelling  edema  in legs ankles', 'decreased urine output or changes in urination', 'feeling sick', 'anorexia', 'itching', 'electrolyte imbalances']",weakness swelling  edema  in legs ankles decreased urine output or changes in urination feeling sick anorexia itching electrolyte imbalances,7,True,48
Chronic Kidney Disease (CKD),fatigue; swelling  edema  in legs ankles; decreased urine output or changes in urination; feeling sick; loss of appetite; itching; electrolyte imbalances,"['fatigue', 'swelling  edema  in legs ankles', 'decreased urine output or changes in urination', 'feeling sick', 'loss of appetite', 'itching', 'electrolyte imbalances']",fatigue swelling  edema  in legs ankles decreased urine output or changes in urination feeling sick loss of appetite itching electrolyte imbalances,7,True,48
